playerID,firstName,lastName,number,position,shot,height,weight,dob,birhplace,teamID
JBeec19,John,Beecher,19,C,—,6-3,210,4/5/2001,"Elmira, NY",BOS
PBrow38,Patrick,Brown,38,C,R,6-1,210,5/29/1992,"Bloomfield Hills, MI",BOS
CCoyl13,Charlie,Coyle,13,C,R,6-3,214,3/2/1992,"East Weymouth, MA",BOS
TFred11,Trent,Frederic,11,C,R,6-3,210,2/11/1998,"St. Louis, MO",BOS
MGeek39,Morgan,Geekie,39,C,R,6-3,192,7/20/1998,"Strathclair, MB",BOS
JLauk94,Jakub,Lauko,94,C,R,6-0,169,3/28/2000,"Prague, Czech Republic",BOS
JMegn7,Jayson,Megna,7,C,R,6-1,195,2/1/1990,"Fort Lauderdale, FL",BOS
MPoit51,Matthew,Poitras,51,C,—,5-11,180,3/10/2004,"Ajax, CA",BOS
OStee62,Oskar,Steen,62,C,R,5-9,199,3/9/1998,"Karlstad, Sweden",BOS
PZach18,Pavel,Zacha,18,C,R,6-3,210,4/6/1997,"Brno, Czech Republic",BOS
JDeBr74,Jake,DeBrusk,74,LW,R,6-0,196,10/17/1996,"Edmonton, AB",BOS
DHein43,Danton,Heinen,43,LW,R,6-1,188,7/5/1995,"Langley, BC",BOS
MLuci17,Milan,Lucic,17,LW,R,6-3,231,6/7/1988,"Vancouver, BC",BOS
BMarc63,Brad,Marchand,63,LW,R,5-9,181,5/11/1988,"Halifax, NS",BOS
DPast88,David,Pastrnak,88,RW,R,6-0,189,5/25/1996,"Havirov, Czech Republic",BOS
ARich90,Anthony,Richard,90,LW,R,5-10,176,12/20/1996,"Trois-Rivieres, PQ",BOS
Jvan21,James,van,21,LW,R,6-3,217,5/4/1989,"Middletown, NJ",BOS
BCarl25,Brandon,Carlo,25,D,R,6-6,217,11/26/1996,"Colorado Springs, CO",BOS
DForb28,Derek,Forbort,28,D,R,6-4,219,3/4/1992,"Duluth, MN",BOS
MGrze48,Matt,Grzelcyk,48,D,R,5-9,178,1/5/1994,"Charlestown, MA",BOS
HLind27,Hampus,Lindholm,27,D,R,6-4,216,1/20/1994,"Helsingborg, Sweden",BOS
CMcAv73,Charlie,McAvoy,73,D,R,6-1,206,12/21/1997,"Long Beach, NY",BOS
IMitc14,Ian,Mitchell,14,D,R,5-11,173,1/18/1999,"St. Albert, AB",BOS
KShat12,Kevin,Shattenkirk,12,D,R,6-0,212,1/29/1989,"New Rochelle, NY",BOS
AStra86,Anton,Stralman,86,D,R,5-11,193,8/1/1986,"Tibro, Sweden",BOS
PWoth38,Parker,Wotherspoon,38,D,R,6-2,187,8/24/1997,"Surrey, BC",BOS
BBuss70,Brandon,Bussi,70,G,—,6-4,213,6/25/1998,"Sound Beach, NY",BOS
KKeys85,Kyle,Keyser,85,G,R,6-2,178,3/8/1999,"Coral Springs, FL",BOS
JSway1,Jeremy,Swayman,1,G,R,6-3,195,11/24/1998,"Anchorage, AK",BOS
LUllm35,Linus,Ullmark,35,G,R,6-4,208,7/31/1993,"Lugnvik, Sweden",BOS
DCoze24,Dylan,Cozens,24,C,R,6-3,189,2/9/2001,"Whitehorse, YT",BUF
TJost17,Tyson,Jost,17,C,R,5-11,187,3/14/1998,"St. Albert, AB",BUF
PKreb19,Peyton,Krebs,19,C,R,5-11,180,1/26/2001,"Calgary, AB",BUF
CMitt37,Casey,Mittelstadt,37,C,R,6-1,195,11/22/1998,"Eden Prairie, MN",BUF
JRich—,Justin,Richards,—,C,R,5-11,190,3/17/1998,"Orlando, FL",BUF
TThom72,Tage,Thompson,72,C,R,6-7,218,10/30/1997,"Phoenix, AZ",BUF
ZBens9,Zach,Benson,9,LW,—,5-10,170,5/12/2005,"Chilliwack, CA",BUF
ZGirg28,Zemgus,Girgensons,28,LW,R,6-2,213,1/5/1994,"Riga, Latvia",BUF
JGree12,Jordan,Greenway,12,LW,R,6-6,231,2/16/1997,"Canton, NY",BUF
KOkpo21,Kyle,Okposo,21,RW,R,6-0,218,4/16/1988,"St. Paul, MN",BUF
VOlof71,Victor,Olofsson,71,LW,R,5-11,182,7/18/1995,"Ornskoldsvik, Sweden",BUF
JPete77,John-Jason,Peterka,77,RW,—,5-11,192,1/14/2002,"Munich, Germany",BUF
LRous13,Lukas,Rousek,13,RW,R,5-11,171,4/20/1999,"Ostrov nad Ohri, Czech Republic",BUF
JSkin53,Jeff,Skinner,53,LW,R,5-11,197,5/16/1992,"Toronto, ON",BUF
ATuch89,Alex,Tuch,89,RW,R,6-4,220,5/10/1996,"Syracuse, NY",BUF
JBrys78,Jacob,Bryson,78,D,R,5-9,175,11/18/1997,"London, ON",BUF
KClag38,Kale,Clague,38,D,R,6-0,177,6/5/1998,"Regina, SK",BUF
CClif75,Connor,Clifton,75,D,R,5-11,191,4/28/1995,"Long Branch, NJ",BUF
RDahl26,Rasmus,Dahlin,26,D,R,6-3,207,4/13/2000,"Lidkoping, Sweden",BUF
JDavi4,Jeremy,Davies,4,D,R,5-11,181,12/4/1996,"St-Anne-de-Bellevue, PQ",BUF
EJohn6,Erik,Johnson,6,D,R,6-4,225,3/21/1988,"Bloomington, MN",BUF
HJoki10,Henri,Jokiharju,10,D,R,6-0,200,6/17/1999,"Oulu, Finland",BUF
OPowe25,Owen,Power,25,D,—,6-6,213,11/22/2002,"Mississauga, CA",BUF
MSamu23,Mattias,Samuelsson,23,D,R,6-4,227,3/14/2000,"Philadelphia, PA",BUF
EComr31,Eric,Comrie,31,G,R,6-1,175,7/6/1995,"Edmonton, AB",BUF
DCool1,Devin,Cooley,1,G,—,6-5,192,5/25/1997,"Los Gatos, CA",BUF
DLevi27,Devon,Levi,27,G,—,6-0,184,12/27/2001,"Dollard-des-Ormeaux, CA",BUF
ULuuk1,Ukko-Pekka,Luukkonen,1,G,R,6-4,220,3/9/1999,"Espoo, Finland",BUF
DToka—,Dustin,Tokarski,—,G,R,6-0,198,9/16/1989,"Watson, SK",BUF
ACopp18,Andrew,Copp,18,C,R,6-1,206,7/8/1994,"Ann Arbor, MI",DET
RFabb14,Robby,Fabbri,14,C,R,5-11,183,1/22/1996,"Mississauga, ON",DET
KKost—,Klim,Kostin,—,C,R,6-3,215,5/5/1999,"Penza, Russia",DET
DLark71,Dylan,Larkin,71,C,R,6-1,198,7/30/1996,"Waterford, MI",DET
DO'Re56,Danny,O'Regan,56,C,R,5-10,180,1/30/1994,"Berlin, Germany",DET
MRasm27,Michael,Rasmussen,27,C,R,6-6,210,4/17/1999,"Vancouver, BC",DET
NStev—,Nolan,Stevens,—,C,R,6-3,183,7/22/1996,"Brantford, ON",DET
JVele90,Joseph,Veleno,90,C,R,6-1,206,1/13/2000,"Montreal, PQ",DET
ZAsto—,Zach,Aston-Reese,—,RW,R,6-0,204,8/10/1994,"Staten Island, NY",DET
JBerg52,Jonatan,Berggren,52,RW,R,5-11,195,7/16/2000,"Uppsala, Sweden",DET
JComp—,J.T.,Compher,—,LW,R,6-0,190,4/8/1995,"Northbrook, IL",DET
ADeBr12,Alex,DeBrincat,12,RW,R,5-7,165,12/18/1997,"Farmington Hills, MI",DET
CFisc—,Christian,Fischer,—,RW,R,6-2,212,4/15/1997,"Chicago, IL",DET
TGett—,Tim,Gettinger,—,LW,—,6-6,218,4/14/1998,"Cleveland, OH",DET
DPerr57,David,Perron,57,LW,R,6-1,202,5/28/1988,"Sherbrooke, PQ",DET
LRaym23,Lucas,Raymond,23,LW,R,5-11,182,3/28/2002,"Goteborg, Sweden",DET
DSpro91,Daniel,Sprong,91,RW,R,6-0,193,3/17/1997,"Amsterdam, Netherlands",DET
BChia8,Ben,Chiarot,8,D,R,6-3,234,5/9/1991,"Hamilton, ON",DET
SGost41,Shayne,Gostisbehere,41,D,R,5-11,180,4/20/1993,"Pembroke Pines, FL",DET
JHoll3,Justin,Holl,3,D,R,6-4,194,1/30/1992,"Tonka Bay, MN",DET
OMaat2,Olli,Maatta,2,D,R,6-2,206,8/22/1994,"Jyvaskyla, Finland",DET
JMcIs41,Jared,McIsaac,41,D,R,6-1,192,3/27/2000,"Truro, NS",DET
JPetr46,Jeff,Petry,46,D,R,6-3,209,12/9/1987,"Ann Arbor, MI",DET
BRaff5,Brogan,Rafferty,5,D,R,6-0,195,5/28/1995,"Dundee, IL",DET
MSeid53,Moritz,Seider,53,D,R,6-4,197,4/6/2001,"Zell, Germany",DET
JWalm96,Jake,Walman,96,D,R,6-2,215,2/20/1996,"Toronto, ON",DET
VHuss35,Ville,Husso,35,G,R,6-3,209,2/6/1995,"Helsinki, Finland",DET
ALyon34,Alex,Lyon,34,G,R,6-1,201,12/9/1992,"Baudette, MN",DET
JReim47,James,Reimer,47,G,R,6-2,220,3/15/1988,"Morweena, MB",DET
ABark16,Aleksander,Barkov,16,C,R,6-3,215,9/2/1995,"Tampere, Finland",FLA
SBenn9,Sam,Bennett,9,C,R,6-1,195,6/20/1996,"Holland Landing, ON",FLA
NCous21,Nick,Cousins,21,C,R,5-11,183,7/20/1993,"Belleville, ON",FLA
SLore18,Steven,Lorentz,18,C,R,6-4,206,4/13/1996,"Kitchener, ON",FLA
ALund15,Anton,Lundell,15,C,R,6-1,185,10/3/2001,"Espoo, Finland",FLA
ELuos27,Eetu,Luostarinen,27,C,R,6-3,190,9/2/1998,"Siilinjarvi, Finland",FLA
SRein13,Sam,Reinhart,13,C,R,6-2,193,11/6/1995,"West Vancouver, BC",FLA
ERodr—,Evan,Rodrigues,—,C,R,5-11,184,7/28/1993,"Toronto, ON",FLA
KSten28,Kevin,Stenlund,28,C,R,6-4,215,9/20/1996,"Stockholm, Sweden",FLA
ATrue—,Alexander,True,—,C,R,6-5,200,7/17/1997,"Copenhagen, Denmark",FLA
CVerh23,Carter,Verhaeghe,23,C,R,6-2,180,8/14/1995,"Toronto, ON",FLA
RAspl—,Rasmus,Asplund,—,RW,R,5-11,189,12/3/1997,"Filipstad, Sweden",FLA
WLock—,Will,Lockwood,—,RW,R,5-11,171,6/20/1998,"Royal Oak, MI",FLA
RLomb94,Ryan,Lomberg,94,LW,R,5-9,187,12/9/1994,"Richmond Hill, ON",FLA
MSamo25,Mackie,Samoskevich,25,RW,—,5-11,191,11/15/2002,"Newtown, CT",FLA
JSour24,Justin,Sourdif,24,RW,R,5-11,173,3/24/2002,"Surrey, BC",FLA
MTkac19,Matthew,Tkachuk,19,LW,R,6-2,202,12/11/1997,"Scottsdale, AZ",FLA
UBali26,Uvis,Balinskis,26,D,R,6-0,196,8/1/1996,"Ventspils, Latvia",FLA
LCarl32,Lucas,Carlsson,32,D,R,6-0,189,7/5/1997,"Gavle, Sweden",FLA
OEkma23,Oliver,Ekman-Larsson,23,D,R,6-2,200,7/17/1991,"Karlskrona, Sweden",FLA
GFors42,Gustav,Forsling,42,D,R,6-0,186,6/12/1996,"Linkoping, Sweden",FLA
MKier3,Matt,Kiersted,3,D,—,6-0,181,4/14/1998,"Elk River, MN",FLA
DKuli—,Dmitry,Kulikov,—,D,R,6-1,201,10/29/1990,"Lipetsk, USSR",FLA
JMahu28,Josh,Mahura,28,D,R,6-0,185,5/5/1998,"St. Albert, AB",FLA
NMikk—,Niko,Mikkola,—,D,R,6-4,209,4/27/1996,"Kiiminki, Finland",FLA
MReil6,Mike,Reilly,6,D,R,6-2,198,7/13/1993,"Chicago, IL",FLA
SBobr72,Sergei,Bobrovsky,72,G,R,6-2,182,9/20/1988,"Novokuznetsk, USSR",FLA
SKnig30,Spencer,Knight,30,G,—,6-3,192,4/19/2001,"Darien, CT",FLA
AStol—,Anthony,Stolarz,—,G,R,6-6,243,1/20/1994,"Edison, NJ",FLA
LAnde—,Lias,Andersson,—,C,R,6-1,190,10/13/1998,"Smogen, Sweden",MON
KDach77,Kirby,Dach,77,C,R,6-4,197,1/21/2001,"Fort Saskatchewan, AB",MON
JEvan71,Jake,Evans,71,C,R,6-0,176,6/2/1996,"Toronto, ON",MON
SFarr57,Sean,Farrell,57,C,—,5-9,174,11/2/2001,"Hopkinton, MA",MON
PMail16,Philippe,Maillet,16,C,R,5-10,190,11/7/1992,"Lachenaie, PQ",MON
SMona91,Sean,Monahan,91,C,R,6-2,200,10/12/1994,"Brampton, ON",MON
ANewh15,Alex,Newhook,15,C,R,5-10,190,1/28/2001,"St. John's, NL",MON
NSuzu14,Nick,Suzuki,14,C,R,5-11,205,8/10/1999,"London, ON",MON
JAnde17,Josh,Anderson,17,RW,R,6-3,227,5/7/1994,"Burlington, ON",MON
CCauf22,Cole,Caufield,22,RW,R,5-7,166,1/2/2001,"Stevens Point, WI",MON
BGall11,Brendan,Gallagher,11,RW,R,5-9,184,5/6/1992,"Edmonton, AB",MON
RHarv49,Rafael,Harvey-Pinard,49,LW,R,5-9,182,1/6/1999,"Jonquiere, PQ",MON
TPear70,Tanner,Pearson,70,LW,—,6-1,201,8/10/1992,"Kitchener, ON",MON
MPezz55,Michael,Pezzetta,55,LW,R,6-1,216,3/13/1998,"Toronto, ON",MON
JSlaf20,Juraj,Slafkovsky,20,LW,—,6-4,229,3/30/2004,"Kosice, SK",MON
JTeas38,Joel,Teasdale,38,LW,R,6-0,205,3/11/1999,"Repentigny, PQ",MON
JYlon56,Jesse,Ylonen,56,RW,R,6-0,167,10/3/1999,"Scottsdale, AZ",MON
JBarr52,Justin,Barron,52,D,R,6-2,195,11/15/2001,"Halifax, NS",MON
NBeau—,Nicolas,Beaudin,—,D,R,5-11,175,10/7/1999,"Chateauguay, PQ",MON
KGuhl21,Kaiden,Guhle,21,D,R,6-2,199,1/18/2002,"Sherwood Park, AB",MON
JHarr54,Jordan,Harris,54,D,—,5-11,179,7/7/2000,"Haverhill, MA",MON
BKeep25,Brady,Keeper,25,D,R,6-2,209,6/5/1996,"Cross Lake, MB",MON
JKova26,Johnathan,Kovacevic,26,D,R,6-4,208,7/12/1997,"Niagara Falls, ON",MON
MMath8,Mike,Matheson,8,D,R,6-2,188,2/27/1994,"Pointe-Claire, PQ",MON
DSava58,David,Savard,58,D,R,6-1,234,10/22/1990,"St. Hyacinthe, PQ",MON
AXhek72,Arber,Xhekaj,72,D,R,6-4,225,1/30/2001,"Hamilton, ON",MON
JAlle34,Jake,Allen,34,G,R,6-2,190,8/7/1990,"Fredericton, NB",MON
SMont35,Sam,Montembeault,35,G,R,6-3,199,10/30/1996,"Becancour, PQ",MON
CPrim30,Cayden,Primeau,30,G,R,6-3,203,8/11/1999,"Voorhees, NJ",MON
RChar49,Rourke,Chartier,49,C,R,6-0,203,4/3/1996,"Saskatoon, SK",OTT
JCurr—,Josh,Currie,—,C,R,5-10,172,10/29/1992,"Charlottetown, PE",OTT
CGiro28,Claude,Giroux,28,C,R,5-11,185,1/12/1988,"Hearst, ON",OTT
RGrei71,Ridly,Greig,71,C,R,5-11,163,8/8/2002,"Lethbridge, AB",OTT
MHigh—,Matthew,Highmore,—,C,R,5-11,188,2/27/1996,"Halifax, NS",OTT
MKast47,Mark,Kastelic,47,C,R,6-3,210,3/11/1999,"Phoenix, AZ",OTT
ZMacE17,Zack,MacEwen,17,C,R,6-3,205,7/8/1996,"Charlottetown, PE",OTT
GPilo—,Garrett,Pilon,—,C,R,6-0,192,4/13/1998,"Kindersley, SK",OTT
JBail16,Josh,Bailey,16,RW,R,6-1,200,10/2/1989,"Bowmanville, ON",OTT
DBath19,Drake,Batherson,19,RW,R,6-3,204,4/27/1998,"Fort Wayne, IN",OTT
BImam—,Bokondji,Imama,—,LW,R,6-1,221,8/3/1996,"Montreal, PQ",OTT
MJose21,Mathieu,Joseph,21,RW,R,6-1,190,2/9/1997,"Laval, PQ",OTT
PKell27,Parker,Kelly,27,LW,R,6-0,188,5/14/1999,"Camrose, AB",OTT
DKuba81,Dominik,Kubalik,81,LW,R,6-2,179,8/21/1995,"Plzen, Czech Republic",OTT
ESoko75,Egor,Sokolov,75,LW,R,6-3,222,6/7/2000,"Yekaterinburg, Russia",OTT
TStut18,Tim,Stutzle,18,LW,R,6-0,190,1/15/2002,"Viersen, Germany",OTT
VTara91,Vladimir,Tarasenko,91,RW,R,6-1,228,12/13/1991,"Yaroslavl, Russia",OTT
BTkac7,Brady,Tkachuk,7,LW,R,6-4,211,9/16/1999,"Scottsdale, AZ",OTT
JBern24,Jacob,Bernard-Docker,24,D,—,6-0,190,6/30/2000,"Canmore, AB, Canada",OTT
EBran26,Erik,Brannstrom,26,D,R,5-10,185,9/2/1999,"Eksjo, Sweden",OTT
TChab72,Thomas,Chabot,72,D,R,6-2,196,1/30/1997,"Sainte-Marie, PQ",OTT
JChyc6,Jakob,Chychrun,6,D,R,6-2,220,3/31/1998,"Boca Raton, FL",OTT
MGuen50,Maxence,Guenette,50,D,R,6-1,181,4/28/2001,"Sainte-Foy, PQ",OTT
THamo23,Travis,Hamonic,23,D,R,6-2,205,8/16/1990,"St. Malo, MB",OTT
DHeat29,Dillon,Heatherington,29,D,R,6-4,220,5/9/1995,"Calgary, AB",OTT
TKlev43,Tyler,Kleven,43,D,—,6-4,200,1/10/2002,"Fargo, ND",OTT
JLars32,Jacob,Larsson,32,D,R,6-2,190,4/29/1997,"Ljungby, Sweden",OTT
JSand85,Jake,Sanderson,85,D,—,6-0,185,7/8/2002,"Whitefish, MT",OTT
DSebr44,Donovan,Sebrango,44,D,R,6-1,194,1/12/2002,"Kingston, ON",OTT
AZub2,Artem,Zub,2,D,R,6-2,202,10/3/1995,"Khabarovsk, Russia",OTT
AFors31,Anton,Forsberg,31,G,R,6-3,192,11/27/1992,"Harnosand, Sweden",OTT
JKorp70,Joonas,Korpisalo,70,G,R,6-3,193,4/28/1994,"Pori, Finland",OTT
ABarr12,Alex,Barre-Boulet,12,C,R,5-10,180,5/21/1997,"Montmagny, PQ",TB
ACire71,Anthony,Cirelli,71,C,R,6-0,191,7/15/1997,"Etobicoke, ON",TB
MEyss23,Mikey,Eyssimont,23,C,—,6-0,185,9/9/1996,"Littleton, CO",TB
LGlen11,Luke,Glendening,11,C,R,5-11,190,4/28/1989,"Grand Rapids, MI",TB
WMere39,Waltteri,Merela,39,C,—,6-2,196,7/6/1998,"Tampere, FI",TB
NPaul20,Nick,Paul,20,C,R,6-3,224,3/20/1995,"Mississauga, ON",TB
BPoin21,Brayden,Point,21,C,R,5-10,183,3/13/1996,"Calgary, AB",TB
SStam91,Steven,Stamkos,91,C,R,6-1,193,2/7/1990,"Markham, ON",TB
BHage38,Brandon,Hagel,38,LW,R,5-11,174,8/27/1998,"Saskatoon, SK",TB
TJean84,Tanner,Jeannot,84,LW,R,6-2,208,5/29/1997,"Estevan, SK",TB
NKuch86,Nikita,Kucherov,86,RW,R,5-11,183,6/17/1993,"Maykop, Russia",TB
CShea73,Conor,Sheary,73,LW,R,5-9,179,6/8/1992,"Winchester, MA",TB
AWats51,Austin,Watson,51,LW,R,6-4,204,1/13/1992,"Ann Arbor, MI",TB
ZBogo24,Zach,Bogosian,24,D,R,6-2,200,7/15/1990,"Massena, NY",TB
ECern81,Erik,Cernak,81,D,R,6-3,230,5/28/1997,"Kosice, Slovakia",TB
HFleu7,Haydn,Fleury,7,D,R,6-3,208,7/8/1996,"Carlyle, SK",TB
VHedm77,Victor,Hedman,77,D,R,6-6,241,12/18/1990,"Ornskoldsvik, Sweden",TB
NPerb48,Nicklaus,Perbix,48,D,—,6-2,191,6/15/1998,"Minneapolis, MN",TB
DRadd43,Darren,Raddysh,43,D,R,6-1,200,2/28/1996,"Caledonia, ON",TB
MSerg98,Mikhail,Sergachev,98,D,R,6-3,216,6/25/1998,"Nizhnekamsk, Russia",TB
Cde44,Calvin,de,44,D,R,6-1,195,5/9/1991,"Carp, ON",TB
JJoha31,Jonas,Johansson,31,G,R,6-5,220,9/19/1995,"Gavle, Sweden",TB
MTomk90,Matt,Tomkins,90,G,R,6-3,194,6/19/1994,"Sherwood Park, AB",TB
MDomi11,Max,Domi,11,C,R,5-10,194,3/2/1995,"Winnipeg, MB",TOR
NGreg18,Noah,Gregor,18,C,R,6-0,185,7/28/1998,"Beaumont, AB",TOR
CJarn19,Calle,Jarnkrok,19,C,R,5-11,186,9/25/1991,"Gavle, Sweden",TOR
DKamp64,David,Kampf,64,C,R,6-1,193,1/12/1995,"Chomutov, Czech Republic",TOR
AMatt34,Auston,Matthews,34,C,R,6-3,205,9/17/1997,"San Ramon, CA",TOR
FMint39,Fraser,Minten,39,C,—,6-1,185,7/5/2004,"Vancouver, CA",TOR
JTava91,John,Tavares,91,C,R,6-1,211,9/20/1990,"Mississauga, ON",TOR
TBert59,Tyler,Bertuzzi,59,LW,R,6-1,197,2/24/1995,"Sudbury, ON",TOR
MKnie23,Matthew,Knies,23,LW,—,6-2,210,10/17/2002,"Phoenix, AZ",TOR
MMarn16,Mitchell,Marner,16,RW,R,6-0,172,5/5/1997,"Markham, ON",TOR
WNyla88,William,Nylander,88,RW,R,6-0,202,5/1/1996,"Calgary, AB",TOR
RReav75,Ryan,Reaves,75,RW,R,6-2,225,1/20/1987,"Winnipeg, MB",TOR
AStee46,Alex,Steeves,46,LW,—,5-11,185,12/10/1999,"Bedford, NH",TOR
SBeno13,Simon,Benoit,13,D,R,6-3,203,9/19/1998,"Laval, PQ",TOR
TBrod78,T.J.,Brodie,78,D,R,6-1,179,6/7/1990,"Chatham, ON",TOR
CDahl48,Carl,Dahlstrom,48,D,R,6-5,229,1/28/1995,"Stockholm, Sweden",TOR
MGior55,Mark,Giordano,55,D,R,6-1,200,10/3/1983,"Toronto, ON",TOR
JKlin3,John,Klingberg,3,D,R,6-3,190,8/14/1992,"Gothenburg, Sweden",TOR
TLilj37,Timothy,Liljegren,37,D,R,6-1,192,4/30/1999,"Kristianstad, Sweden",TOR
JMcCa22,Jake,McCabe,22,D,R,6-1,204,10/12/1993,"Eau Claire, WI",TOR
MRiel44,Morgan,Rielly,44,D,R,6-1,220,3/9/1994,"Vancouver, BC",TOR
ISams35,Ilya,Samsonov,35,G,R,6-3,200,2/22/1997,"Magnitogorsk, Russia",TOR
JWoll60,Joseph,Woll,60,G,R,6-4,203,7/12/1998,"Dardenne Prairie, MO",TOR
NBjug72,Nick,Bjugstad,72,C,R,6-6,209,7/17/1992,"Minneapolis, MN",ARI
TBoyd72,Travis,Boyd,72,C,R,6-0,190,9/14/1993,"Hopkins, MN",ARI
LCool92,Logan,Cooley,92,C,—,5-11,180,5/4/2004,"Pittsburgh, PA",ARI
AGalc—,Alex,Galchenyuk,—,C,R,6-1,207,2/12/1994,"Milwaukee, WI",ARI
BHayt29,Barrett,Hayton,29,C,R,6-1,190,6/9/2000,"Peterborough, ON",ARI
CKell9,Clayton,Keller,9,C,R,5-10,178,7/29/1998,"Chesterfield, MO",ARI
AKerf—,Alexander,Kerfoot,—,C,R,5-10,181,8/11/1994,"Vancouver, BC",ARI
JMcBa22,Jack,McBain,22,C,—,6-4,208,1/6/2000,"Toronto, CA",ARI
NSchm8,Nick,Schmaltz,8,C,R,6-0,181,2/23/1996,"Madison, WI",ARI
TBarr73,Travis,Barron,73,LW,R,6-1,205,8/17/1998,"Brampton, ON",ARI
MCarc53,Michael,Carcone,53,LW,R,5-10,170,5/19/1996,"Ajax, ON",ARI
LCrou67,Lawson,Crouse,67,LW,R,6-4,215,6/23/1997,"Mt. Brydges, ON",ARI
MKele21,Milos,Kelemen,21,LW,—,6-2,210,7/6/1999,"Lucenec, Slovakia",ARI
MMacc63,Matias,Maccelli,63,LW,R,5-11,165,10/14/2000,"Turku, Finland",ARI
LO'Br38,Liam,O'Brien,38,LW,R,6-1,213,7/29/1994,"Halifax, NS",ARI
JVora93,Jakub,Voracek,93,RW,R,6-2,209,8/15/1989,"Kladno, Czechoslovakia",ARI
JZuck16,Jason,Zucker,16,LW,R,5-11,192,1/16/1992,"Newport Beach, CA",ARI
JBrow3,Josh,Brown,3,D,R,6-5,217,1/21/1994,"London, ON",ARI
TDerm33,Travis,Dermott,33,D,R,6-0,202,12/22/1996,"Newmarket, ON",ARI
MDumb24,Matt,Dumba,24,D,R,6-0,181,7/25/1994,"Regina, SK",ARI
SDurz50,Sean,Durzi,50,D,R,6-0,185,10/21/1998,"Mississauga, ON",ARI
MKess5,Michael,Kesselring,5,D,R,6-4,190,1/13/2000,"Florence, SC",ARI
JMose90,Janis,Moser,90,D,R,6-1,172,6/6/2000,"Biel, Switzerland",ARI
TStec51,Troy,Stecher,51,D,R,5-10,184,4/7/1994,"Richmond, BC",ARI
JVali4,Juuso,Valimaki,4,D,R,6-2,212,10/6/1998,"Tampere, Finland",ARI
CIngr39,Connor,Ingram,39,G,R,6-2,196,3/31/1997,"Saskatoon, SK",ARI
IPros50,Ivan,Prosvetov,50,G,R,6-5,175,3/5/1999,"Moscow, Russia",ARI
KVejm70,Karel,Vejmelka,70,G,R,6-3,224,5/25/1996,"Trebic, Czech Republic",ARI
MVill31,Matt,Villalta,31,G,R,6-3,165,1/3/1999,"Kingston, ON",ARI
AAtha89,Andreas,Athanasiou,89,C,R,6-2,188,8/6/1994,"Woodbridge, ON",CHI
CBeda98,Connor,Bedard,98,C,—,5-10,185,7/17/2005,"North Vancouver, CA",CHI
CDach28,Colton,Dach,28,C,R,6-4,196,1/4/2003,"Fort Saskatchewan, AB",CHI
JDick16,Jason,Dickinson,16,C,R,6-2,200,7/4/1995,"Georgetown, ON",CHI
RDona8,Ryan,Donato,8,C,R,6-0,192,4/9/1996,"Boston, MA",CHI
CGutt70,Cole,Guttman,70,C,—,5-9,167,4/6/1999,"Northridge, CA",CHI
TJohn90,Tyler,Johnson,90,C,R,5-8,185,7/29/1990,"Spokane, WA",CHI
MEntw58,MacKenzie,Entwistle,58,RW,R,6-3,184,7/14/1999,"Georgetown, ON",CHI
NFoli17,Nick,Foligno,17,LW,R,6-0,210,10/31/1987,"Buffalo, NY",CHI
THall71,Taylor,Hall,71,LW,R,6-1,207,11/14/1991,"Calgary, AB",CHI
RJohn52,Reese,Johnson,52,RW,R,6-1,193,7/10/1998,"Saskatoon, SK",CHI
BKatc14,Boris,Katchouk,14,LW,R,6-2,206,6/18/1998,"Waterloo, ON",CHI
CPerr94,Corey,Perry,94,RW,R,6-3,206,5/16/1985,"Peterborough, ON",CHI
TRadd11,Taylor,Raddysh,11,RW,R,6-3,198,2/18/1998,"Caledon, ON",CHI
LReic27,Lukas,Reichel,27,LW,—,6-0,170,5/17/2002,"Nuremberg, Germany",CHI
BRobi53,Buddy,Robinson,53,RW,R,6-6,226,9/30/1991,"Bellmawr, NJ",CHI
SJone4,Seth,Jones,4,D,R,6-4,213,10/3/1994,"Arlington, TX",CHI
WKais44,Wyatt,Kaiser,44,D,—,6-0,173,7/31/2002,"Andover, MN",CHI
KKorc55,Kevin,Korchinski,55,D,—,6-2,185,6/21/2004,"Saskatoon, CA",CHI
CMurp5,Connor,Murphy,5,D,R,6-4,212,3/26/1993,"Dublin, OH",CHI
JTino25,Jarred,Tinordi,25,D,R,6-6,232,2/20/1992,"Millersville, MD",CHI
AVlas72,Alex,Vlasic,72,D,—,6-6,198,6/5/2001,"Wilmette, IL",CHI
NZait22,Nikita,Zaitsev,22,D,R,6-2,195,10/29/1991,"Moscow, USSR",CHI
PMraz34,Petr,Mrazek,34,G,R,6-2,188,2/14/1992,"Ostrava, Czechoslovakia",CHI
ASode40,Arvid,Soderblom,40,G,R,6-3,180,8/19/1999,"Goteborg, Sweden",CHI
ACogl11,Andrew,Cogliano,11,C,R,5-10,175,6/14/1987,"Toronto, ON",COL
RColt20,Ross,Colton,20,C,R,6-0,191,9/11/1996,"Robbinsville, NJ",COL
JDrou—,Jonathan,Drouin,—,C,R,6-0,203,3/28/1995,"Ste-Agathe, PQ",COL
RJoha12,Ryan,Johansen,12,C,R,6-3,218,7/31/1992,"Vancouver, BC",COL
NMacK29,Nathan,MacKinnon,29,C,R,6-0,200,9/1/1995,"Halifax, NS",COL
ALehk62,Artturi,Lehkonen,62,LW,R,5-11,179,7/4/1995,"Piikkio, Finland",COL
VNich13,Valeri,Nichushkin,13,RW,R,6-4,210,3/4/1995,"Chelyabinsk, Russia",COL
LO'Co25,Logan,O'Connor,25,RW,R,6-0,175,8/14/1996,"Missouri City, TX",COL
FOlof22,Frederik,Olofsson,22,LW,—,6-2,190,5/27/1996,"Helsingborg, SE",COL
SRant75,Sampo,Ranta,75,LW,R,6-2,195,5/31/2000,"Naantali, Finland",COL
MRant96,Mikko,Rantanen,96,RW,R,6-4,215,10/29/1996,"Nousiainen, Finland",COL
TTata90,Tomas,Tatar,90,LW,R,5-10,173,12/1/1990,"Ilava, Czechoslovakia",COL
RTuft—,Riley,Tufte,—,LW,R,6-6,220,4/10/1998,"Coon Rapids, MN",COL
MWood—,Miles,Wood,—,LW,R,6-2,195,9/13/1995,"Buffalo, NY",COL
JAhca—,Jack,Ahcan,—,D,R,5-8,184,5/18/1997,"Savage, MN",COL
BByra4,Bowen,Byram,4,D,R,6-1,190,6/13/2001,"Cranbrook, BC",COL
SGira49,Samuel,Girard,49,D,R,5-10,170,5/12/1998,"Roberval, PQ",COL
JJohn3,Jack,Johnson,3,D,R,6-1,227,1/13/1987,"Indianapolis, IN",COL
KMacD56,Kurtis,MacDermid,56,D,R,6-5,233,3/25/1994,"Sauble Beach, ON",COL
CMaka8,Cale,Makar,8,D,R,5-11,187,10/30/1998,"Calgary, AB",COL
JMans42,Josh,Manson,42,D,R,6-3,218,10/7/1991,"Hinsdale, IL",COL
CSchu—,Corey,Schueneman,—,D,R,6-0,196,9/2/1995,"Milford, MI",COL
DToew7,Devon,Toews,7,D,R,6-1,191,2/21/1994,"Abbotsford, BC",COL
JAnnu60,Justus,Annunen,60,G,R,6-4,210,3/11/2000,"Kempele, Finland",COL
AGeor40,Alexandar,Georgiev,40,G,R,6-1,178,2/10/1996,"Ruse, Bulgaria",COL
AHolm—,Arvid,Holm,—,G,R,6-4,213,11/3/1998,"Ljungby, Sweden",COL
MBour45,Mavrik,Bourque,45,C,—,5-10,185,1/8/2002,"Plessiville, QC, Canada",DAL
TDell10,Ty,Dellandrea,10,C,R,6-0,195,7/21/2000,"Toronto, ON",DAL
MDuch95,Matt,Duchene,95,C,R,5-11,195,1/16/1991,"Haliburton, ON",DAL
RFaks12,Radek,Faksa,12,C,R,6-3,220,1/9/1994,"Vitkov, Czech Republic",DAL
WJohn53,Wyatt,Johnston,53,C,R,6-1,175,5/14/2003,"Toronto, ON",DAL
JPave16,Joe,Pavelski,16,C,R,5-11,195,7/11/1984,"Plover, WI",DAL
TSegu91,Tyler,Seguin,91,C,R,6-1,200,1/31/1992,"Brampton, ON",DAL
CSmit—,Craig,Smith,—,C,R,6-0,207,9/5/1989,"Madison, WI",DAL
LStan—,Logan,Stankoven,—,C,R,5-7,170,2/26/2003,"Kamloops, BC",DAL
SStee—,Sam,Steel,—,C,R,5-11,184,2/3/1998,"Ardrossan, AB",DAL
JBenn14,Jamie,Benn,14,LW,R,6-2,210,7/18/1989,"Victoria, BC",DAL
EDado63,Evgenii,Dadonov,63,RW,R,5-11,185,3/12/1989,"Chelyabinsk, USSR",DAL
RHint24,Roope,Hintz,24,LW,R,6-3,210,11/17/1996,"Tampere, Finland",DAL
MMarc27,Mason,Marchment,27,LW,R,6-4,209,6/18/1995,"Uxbridge, ON",DAL
JRobe21,Jason,Robertson,21,LW,R,6-3,200,7/22/1999,"Arcadia, CA",DAL
GBayr44,Gavin,Bayreuther,44,D,R,6-1,195,5/12/1994,"Canaan, NH",DAL
JHaka2,Jani,Hakanpaa,2,D,R,6-6,220,3/31/1992,"Kirkkonummi, Finland",DAL
JHanl44,Joel,Hanley,44,D,R,5-11,190,6/8/1991,"Keswick, ON",DAL
THarl55,Thomas,Harley,55,D,R,6-3,205,8/19/2001,"Syracuse, NY",DAL
MHeis4,Miro,Heiskanen,4,D,R,6-1,190,7/18/1999,"Espoo, Finland",DAL
ELind23,Esa,Lindell,23,D,R,6-3,220,5/23/1994,"Vantaa, Finland",DAL
NLund5,Nils,Lundkvist,5,D,R,5-11,187,7/27/2000,"Pitea, Sweden",DAL
DPoul51,Derrick,Pouliot,51,D,R,6-0,196,1/16/1994,"Estevan, SK",DAL
RSute20,Ryan,Suter,20,D,R,6-1,200,1/21/1985,"Madison, WI",DAL
JOett29,Jake,Oettinger,29,G,R,6-5,220,12/18/1998,"Lakeville, MN",DAL
SWedg41,Scott,Wedgewood,41,G,R,6-2,205,8/14/1992,"Etobicoke, ON",DAL
CDewa26,Connor,Dewar,26,C,R,5-10,177,6/26/1999,"Gilbert Plains, MB",MIN
JErik14,Joel,Eriksson,14,C,R,6-3,207,1/29/1997,"Karlstad, Sweden",MIN
FGaud89,Frederick,Gaudreau,89,C,R,6-0,184,5/1/1993,"Bromont, PQ",MIN
DGiro68,Damien,Giroux,68,C,R,5-9,177,3/3/2000,"Sudbury, ON",MIN
VLett—,Vinni,Lettieri,—,C,R,5-11,185,2/6/1995,"Excelsior, MN",MIN
JLucc—,Jake,Lucchini,—,C,R,5-11,183,5/10/1995,"Trail, BC",MIN
MRoss23,Marco,Rossi,23,C,R,5-9,183,9/23/2001,"Feldkirch, Austria",MIN
MBold12,Matt,Boldy,12,LW,R,6-2,201,4/5/2001,"Millis, MA",MIN
BDuha21,Brandon,Duhaime,21,RW,R,6-2,200,5/22/1997,"Coral Springs, FL",MIN
MFoli17,Marcus,Foligno,17,LW,R,6-3,226,8/10/1991,"Buffalo, NY",MIN
RHart38,Ryan,Hartman,38,RW,R,6-0,197,9/20/1994,"Hilton Head Island, SC",MIN
MJoha90,Marcus,Johansson,90,LW,R,6-1,203,10/6/1990,"Landskrona, Sweden",MIN
KKapr97,Kirill,Kaprizov,97,LW,R,5-10,202,4/26/1997,"Novokuznetsk, Russia",MIN
PMaro20,Pat,Maroon,20,LW,R,6-3,238,4/23/1988,"St. Louis, MO",MIN
MZucc36,Mats,Zuccarello,36,RW,R,5-8,181,9/1/1987,"Oslo, Norway",MIN
CAddi2,Calen,Addison,2,D,R,5-11,180,4/11/2000,"Brandon, MB",MIN
JBrod25,Jonas,Brodin,25,D,R,6-2,196,7/12/1993,"Karlstad, Sweden",MIN
BFabe7,Brock,Faber,7,D,—,6-1,200,8/22/2002,"Maple Grove, MN",MIN
AGoli33,Alex,Goligoski,33,D,R,5-11,173,7/30/1985,"Grand Rapids, MN",MIN
DMerm6,Dakota,Mermis,6,D,R,6-0,195,1/5/1994,"Alton, IL",MIN
JMerr4,Jon,Merrill,4,D,R,6-3,204,2/3/1992,"Oklahoma City, OK",MIN
JMidd5,Jacob,Middleton,5,D,R,6-3,210,1/2/1996,"Wainwright, AB",MIN
JSpur46,Jared,Spurgeon,46,D,R,5-9,166,11/29/1989,"Edmonton, AB",MIN
MFleu29,Marc-Andre,Fleury,29,G,R,6-2,185,11/28/1984,"Sorel, PQ",MIN
FGust32,Filip,Gustavsson,32,G,R,6-2,192,6/7/1998,"Skelleftea, Sweden",MIN
AAnge—,Anthony,Angello,—,C,R,6-5,210,3/6/1996,"Albany, NY",NSH
CGlas8,Cody,Glass,8,C,R,6-3,206,4/1/1999,"Winnipeg, MB",NSH
MJank17,Mark,Jankowski,17,C,R,6-4,210,9/13/1994,"Hamilton, ON",NSH
TNova82,Tommy,Novak,82,C,R,6-1,179,4/28/1997,"St. Paul, MN",NSH
RO'Re90,Ryan,O'Reilly,90,C,R,6-1,207,2/7/1991,"Clinton, ON",NSH
JPars75,Juuso,Parssinen,75,C,R,6-2,203,2/1/2001,"Hameenlinna, Finland",NSH
CSiss10,Colton,Sissons,10,C,R,6-1,200,11/5/1993,"North Vancouver, BC",NSH
PToma26,Philip,Tomasino,26,C,R,6-0,179,7/28/2001,"Mississauga, ON",NSH
YTren13,Yakov,Trenin,13,C,R,6-2,201,1/13/1997,"Chelyabinsk, Russia",NSH
JWeat—,Jasper,Weatherby,—,C,R,6-4,202,1/22/1998,"Portland, OR",NSH
LEvan77,Luke,Evangelista,77,RW,R,6-0,183,2/21/2002,"Oakville, ON",NSH
SFage11,Samuel,Fagemo,11,LW,R,6-0,200,3/14/2000,"Goteborg, Sweden",NSH
FFors9,Filip,Forsberg,9,LW,R,6-1,205,8/13/1994,"Ostervala, Sweden",NSH
DGuri—,Denis,Gurianov,—,RW,R,6-3,195,6/7/1997,"Togliatti, Russia",NSH
MMcCa47,Michael,McCarron,47,RW,R,6-6,232,3/7/1995,"Grosse Pointe, MI",NSH
GNyqu28,Gustav,Nyquist,28,LW,R,5-11,176,9/1/1989,"Halmstad, Sweden",NSH
KSher44,Kiefer,Sherwood,44,RW,R,6-0,194,3/31/1995,"Columbus, OH",NSH
CSmit36,Cole,Smith,36,LW,R,6-3,195,10/28/1995,"Brainerd, MN",NSH
TBarr22,Tyson,Barrie,22,D,R,5-11,197,7/26/1991,"Victoria, BC",NSH
ACarr45,Alexandre,Carrier,45,D,R,5-11,174,10/8/1996,"Quebec City, PQ",NSH
DFabb57,Dante,Fabbro,57,D,R,6-0,189,6/20/1998,"Coquitlam, BC",NSH
RJosi59,Roman,Josi,59,D,R,6-1,201,6/1/1990,"Bern, Switzerland",NSH
JLauz3,Jeremy,Lauzon,3,D,R,6-1,204,4/28/1997,"Val-d'Or, PQ",NSH
RMcDo27,Ryan,McDonagh,27,D,R,6-1,215,6/13/1989,"St. Paul, MN",NSH
RMcKe55,Roland,McKeown,55,D,R,6-1,195,1/20/1996,"Listowel, ON",NSH
LSche2,Luke,Schenn,2,D,R,6-2,225,11/2/1989,"Saskatoon, SK",NSH
SStas81,Spencer,Stastney,81,D,—,6-0,184,1/4/2000,"Woodbridge, IL",NSH
TGros—,Troy,Grosenick,—,G,R,6-1,190,8/27/1989,"Brookfield, WI",NSH
KLank32,Kevin,Lankinen,32,G,R,6-2,185,4/28/1995,"Helsinki, Finland",NSH
JSaro74,Juuse,Saros,74,G,R,5-11,180,4/19/1995,"Forssa, Finland",NSH
NAlex59,Nikita,Alexandrov,59,C,R,6-0,183,9/16/2000,"Burgwedel, Germany",STL
JKyro25,Jordan,Kyrou,25,C,R,6-1,196,5/5/1998,"Toronto, ON",STL
BSche10,Brayden,Schenn,10,C,R,6-1,199,8/22/1991,"Saskatoon, SK",STL
OSund70,Oskar,Sundqvist,70,C,R,6-3,208,3/23/1994,"Boden, Sweden",STL
RThom18,Robert,Thomas,18,C,R,6-0,218,7/2/1999,"Aurora, ON",STL
JVran15,Jakub,Vrana,15,C,R,6-0,196,2/28/1996,"Prague, Czech Republic",STL
SBlai79,Sammy,Blais,79,LW,R,6-2,210,6/17/1996,"Montmagny, PQ",STL
PBuch89,Pavel,Buchnevich,89,LW,R,6-1,196,4/17/1995,"Cherepovets, Russia",STL
KHaye12,Kevin,Hayes,12,RW,R,6-5,216,5/8/1992,"Dorchester, MA",STL
KKapa42,Kasperi,Kapanen,42,RW,R,6-1,194,7/23/1996,"Kuopio, Finland",STL
JNeig63,Jake,Neighbours,63,LW,R,6-0,201,3/29/2002,"Airdrie, AB",STL
BSaad20,Brandon,Saad,20,LW,R,6-1,215,10/27/1992,"Pittsburgh, PA",STL
AToro13,Alexei,Toropchenko,13,RW,R,6-3,187,6/25/1999,"Moscow, Russia",STL
RBort41,Robert,Bortuzzo,41,D,R,6-4,216,3/18/1989,"Thunder Bay, ON",STL
JFaul72,Justin,Faulk,72,D,R,6-0,214,3/20/1992,"South St. Paul, MN",STL
TKrug47,Torey,Krug,47,D,R,5-9,194,4/12/1991,"Livonia, MI",STL
NLedd4,Nick,Leddy,4,D,R,6-0,205,3/20/1991,"Eden Prairie, MN",STL
CPara55,Colton,Parayko,55,D,R,6-6,228,5/12/1993,"St. Albert, AB",STL
SPeru48,Scott,Perunovich,48,D,R,5-9,172,8/18/1998,"Hibbing, MN",STL
MScan6,Marco,Scandella,6,D,R,6-3,212,2/23/1990,"Montreal, PQ",STL
TTuck75,Tyler,Tucker,75,D,R,6-1,203,3/1/2000,"Thunder Bay, ON",STL
JBinn50,Jordan,Binnington,50,G,R,6-2,172,7/11/1993,"Richmond Hill, ON",STL
JHofe30,Joel,Hofer,30,G,R,6-3,160,7/30/2000,"Winnipeg, MB",STL
MAppl22,Mason,Appleton,22,C,R,6-2,193,1/15/1996,"Green Bay, WI",WPG
MBarr36,Morgan,Barron,36,C,R,6-4,220,12/2/1998,"Halifax, NS",WPG
DGust19,David,Gustafsson,19,C,R,6-2,196,4/11/2000,"Tingsyrd, Sweden",WPG
RKupa15,Rasmus,Kupari,15,C,R,6-1,183,3/15/2000,"Kotka, Finland",WPG
ALowr17,Adam,Lowry,17,C,R,6-5,210,3/29/1993,"St. Louis, MO",WPG
VName7,Vladislav,Namestnikov,7,C,R,6-0,180,11/22/1992,"Zhukovskiy, Russia",WPG
CPerf91,Cole,Perfetti,91,C,R,5-11,177,1/1/2002,"Whitby, ON",WPG
MSche55,Mark,Scheifele,55,C,R,6-3,207,3/15/1993,"Kitchener, ON",WPG
GVila13,Gabriel,Vilardi,13,C,R,6-3,201,8/16/1999,"Kingston, ON",WPG
KConn81,Kyle,Connor,81,LW,R,6-1,182,12/9/1996,"Shelby Township, MI",WPG
NEhle27,Nikolaj,Ehlers,27,LW,R,6-0,172,2/14/1996,"Aalborg, Denmark",WPG
AIafa9,Alex,Iafallo,9,LW,R,6-0,188,12/21/1993,"Eden, NY",WPG
NNied62,Nino,Niederreiter,62,RW,R,6-2,218,9/8/1992,"Chur, Switzerland",WPG
DChis47,Declan,Chisholm,47,D,R,6-1,185,1/12/2000,"Bowmanville, ON",WPG
DDeMe2,Dylan,DeMelo,2,D,R,6-0,191,5/1/1993,"London, ON",WPG
BDill5,Brenden,Dillon,5,D,R,6-4,220,11/13/1990,"New Westminster, BC",WPG
JMorr44,Josh,Morrissey,44,D,R,6-0,195,3/28/1995,"Calgary, AB",WPG
NPion4,Neal,Pionk,4,D,R,6-0,186,7/29/1995,"Omaha, NE",WPG
DSamb54,Dylan,Samberg,54,D,R,6-3,190,1/24/1999,"Saginaw, MN",WPG
NSchm88,Nate,Schmidt,88,D,R,6-0,194,7/16/1991,"St. Cloud, MN",WPG
LStan64,Logan,Stanley,64,D,R,6-7,228,5/26/1998,"Waterloo, ON",WPG
LBros39,Laurent,Brossoit,39,G,R,6-3,204,3/23/1993,"Port Alberni, BC",WPG
CHell37,Connor,Hellebuyck,37,G,R,6-4,207,5/19/1993,"Commerce, MI",WPG
JDrur18,Jack,Drury,18,C,R,5-11,174,2/3/2000,"New York, NY",CAR
SJarv24,Seth,Jarvis,24,C,R,5-10,175,2/1/2002,"Winnipeg, MB",CAR
JKotk82,Jesperi,Kotkaniemi,82,C,R,6-2,201,7/6/2000,"Pori, Finland",CAR
MNeca88,Martin,Necas,88,C,R,6-2,189,1/15/1999,"Nove Mesto na Morave, Czech Republic",CAR
JStaa11,Jordan,Staal,11,C,R,6-4,220,9/10/1988,"Thunder Bay, ON",CAR
SAho20,Sebastian,Aho,20,LW,R,6-0,176,7/26/1997,"Rauma, Finland",CAR
MBunt58,Michael,Bunting,58,LW,R,6-0,186,9/17/1995,"Scarborough, ON",CAR
JFast71,Jesper,Fast,71,RW,R,6-1,191,12/2/1991,"Nassjo, Sweden",CAR
BLemi28,Brendan,Lemieux,28,LW,R,6-1,213,3/15/1996,"Denver, CO",CAR
JMart48,Jordan,Martinook,48,LW,R,6-0,196,7/25/1992,"Brandon, MB",CAR
SNoes23,Stefan,Noesen,23,RW,R,6-1,205,2/12/1993,"Plano, TX",CAR
TTera86,Teuvo,Teravainen,86,LW,R,5-11,191,9/11/1994,"Helsinki, Finland",CAR
BBurn8,Brent,Burns,8,D,R,6-5,230,3/9/1985,"Barrie, ON",CAR
JChat5,Jalen,Chatfield,5,D,R,6-1,188,5/15/1996,"Ypsilanti, MI",CAR
TDeAn77,Tony,DeAngelo,77,D,R,5-11,180,10/24/1995,"Sewell, NJ",CAR
DOrlo81,Dmitry,Orlov,81,D,R,5-11,214,7/23/1991,"Novokuznetsk, USSR",CAR
BPesc22,Brett,Pesce,22,D,R,6-3,206,11/15/1994,"Tarrytown, NY",CAR
BSkje76,Brady,Skjei,76,D,R,6-3,210,3/26/1994,"Lakeville, MN",CAR
JSlav74,Jaccob,Slavin,74,D,R,6-3,207,5/1/1994,"Denver, CO",CAR
FAnde31,Frederik,Andersen,31,G,R,6-4,238,10/2/1989,"Herning, Denmark",CAR
ARaan32,Antti,Raanta,32,G,R,6-0,195,5/12/1989,"Rauma, Finland",CAR
EBems52,Emil,Bemstrom,52,C,R,6-0,193,6/1/1999,"Nykoping, Sweden",CLB
JDunn21,Josh,Dunne,21,C,—,6-4,210,12/8/1998,"O'Fallon, MO",CLB
AFant11,Adam,Fantilli,11,C,—,6-2,195,10/12/2004,"Nobleton, CA",CLB
LFoud19,Liam,Foudy,19,C,R,6-2,193,2/4/2000,"Scarborough, ON",CLB
BJenn38,Boone,Jenner,38,C,R,6-2,205,6/15/1993,"Dorchester, ON",CLB
SKura7,Sean,Kuraly,7,C,R,6-2,205,1/20/1993,"Dublin, OH",CLB
MOliv24,Mathieu,Olivier,24,C,R,6-2,210,2/11/1997,"Levis, PQ",CLB
JRosl96,Jack,Roslovic,96,C,R,6-1,193,1/29/1997,"Columbus, OH",CLB
CSill4,Cole,Sillinger,4,C,R,6-2,203,5/16/2003,"Columbus, OH",CLB
ATexi42,Alexandre,Texier,42,C,R,6-1,186,9/13/1999,"Saint-Martin-d'Heres, France",CLB
JDanf17,Justin,Danforth,17,RW,R,5-9,180,3/15/1993,"Oshawa, ON",CLB
TFix-64,Trey,Fix-Wolansky,64,RW,R,5-7,178,5/26/1999,"Edmonton, AB",CLB
JGaud13,Johnny,Gaudreau,13,LW,R,5-9,165,8/13/1993,"Salem, NJ",CLB
KJohn91,Kent,Johnson,91,LW,—,6-1,167,10/18/2002,"Port Moody, CA",CLB
PLain29,Patrik,Laine,29,RW,R,6-5,216,4/19/1998,"Tampere, Finland",CLB
JLuot46,Joona,Luoto,46,LW,R,6-3,192,9/26/1997,"Tampere, Finland",CLB
KMarc86,Kirill,Marchenko,86,RW,—,6-3,197,7/21/2000,"Barnaul, Russia",CLB
MPyyh82,Mikael,Pyyhtia,82,LW,—,6-0,166,12/17/2001,"Turku, Finland",CLB
DVoro—,Dmitry,Voronkov,—,LW,R,6-4,190,9/10/2000,—,CLB
JBean22,Jake,Bean,22,D,R,6-1,176,6/9/1998,"Calgary, AB",CLB
MBjor47,Marcus,Bjork,47,D,—,6-4,211,11/24/1997,"Umea, SE",CLB
ABoqv27,Adam,Boqvist,27,D,R,6-0,189,8/15/2000,"Falun, Sweden",CLB
JChri23,Jake,Christiansen,23,D,R,6-1,194,9/12/1999,"West Vancouver, BC",CLB
EGudb44,Erik,Gudbranson,44,D,R,6-5,222,1/7/1992,"Ottawa, ON",CLB
DJiri55,David,Jiricek,55,D,—,6-3,189,11/28/2003,"Klatovy, CZ",CLB
APeek2,Andrew,Peeke,2,D,R,6-3,196,3/17/1998,"Parkland, FL",CLB
IProv—,Ivan,Provorov,—,D,R,6-1,201,1/13/1997,"Yaroslavl, Russia",CLB
DSeve28,Damon,Severson,28,D,R,6-2,205,8/7/1994,"Melville, SK",CLB
MHutc31,Michael,Hutchinson,31,G,R,6-3,201,3/2/1990,"Barrie, ON",CLB
SMart30,Spencer,Martin,30,G,R,6-3,204,6/8/1995,"Oakville, ON",CLB
EMerz90,Elvis,Merzlikins,90,G,R,6-3,183,4/13/1994,"Riga, Latvia",CLB
MBarz13,Mathew,Barzal,13,C,R,6-1,187,5/26/1997,"Coquitlam, BC",NYI
CCizi53,Casey,Cizikas,53,C,R,5-11,195,2/27/1991,"Toronto, ON",NYI
BHorv14,Bo,Horvat,14,C,R,6-0,215,4/5/1995,"London, ON",NYI
KKuhl20,Karson,Kuhlman,20,C,R,5-10,190,9/26/1995,"Esko, MN",NYI
BNels29,Brock,Nelson,29,C,R,6-4,212,10/15/1991,"Warroad, MN",NYI
JPage44,Jean-Gabriel,Pageau,44,C,R,5-11,180,11/11/1992,"Ottawa, ON",NYI
KPalm21,Kyle,Palmieri,21,C,R,5-11,185,2/1/1991,"Smithtown, NY",NYI
BPinh—,Brian,Pinho,—,C,R,6-1,193,5/11/1995,"Beverly, MA",NYI
CClut15,Cal,Clutterbuck,15,RW,R,6-0,212,11/18/1987,"Welland, ON",NYI
PEngv18,Pierre,Engvall,18,LW,R,6-5,215,5/31/1996,"Ljungby, Sweden",NYI
HFasc20,Hudson,Fasching,20,RW,R,6-2,207,7/28/1995,"Milwaukee, WI",NYI
JGaut16,Julien,Gauthier,16,RW,R,6-4,227,10/15/1997,"Pointe-aux-Trembles, PQ",NYI
SHolm10,Simon,Holmstrom,10,RW,R,6-1,200,5/24/2001,"Tranas, Sweden",NYI
ALee27,Anders,Lee,27,LW,R,6-3,235,7/3/1990,"Edina, MN",NYI
MMart17,Matt,Martin,17,LW,R,6-3,220,5/8/1989,"Windsor, ON",NYI
OWahl26,Oliver,Wahlstrom,26,RW,R,6-2,205,6/13/2000,"Quincy, MA",NYI
SAho25,Sebastian,Aho,25,D,R,5-11,184,2/17/1996,"Umea, Sweden",NYI
SBold4,Samuel,Bolduc,4,D,R,6-4,220,12/9/2000,"Laval, PQ",NYI
NDobs8,Noah,Dobson,8,D,R,6-4,195,1/7/2000,"Summerside, PE",NYI
SMayf24,Scott,Mayfield,24,D,R,6-5,220,10/14/1992,"St. Louis, MO",NYI
APele3,Adam,Pelech,3,D,R,6-3,205,8/16/1994,"Toronto, ON",NYI
RPulo6,Ryan,Pulock,6,D,R,6-2,215,10/6/1994,"Dauphin, MB",NYI
ARoma28,Alexander,Romanov,28,D,R,6-1,209,1/6/2000,"Moscow, Russia",NYI
KAppl50,Ken,Appleby,50,G,R,6-4,205,4/10/1995,"North Bay, ON",NYI
ISoro30,Ilya,Sorokin,30,G,R,6-3,190,8/4/1995,"Mezhdurechensk, Russia",NYI
SVarl40,Semyon,Varlamov,40,G,R,6-2,210,4/27/1988,"Samara, USSR",NYI
NBoni13,Nick,Bonino,13,C,R,6-1,195,4/20/1988,"Hartford, CT",NYR
FChyt72,Filip,Chytil,72,C,R,6-3,210,9/5/1999,"Kromeriz, Czech Republic",NYR
BGood21,Barclay,Goodrow,21,C,R,6-2,204,2/26/1993,"Toronto, ON",NYR
RNash17,Riley,Nash,17,C,R,6-2,188,5/9/1989,"Consort, AB",NYR
TPitl71,Tyler,Pitlick,71,C,R,6-2,200,11/1/1991,"Minneapolis, MN",NYR
VTroc16,Vincent,Trocheck,16,C,R,5-10,183,7/11/1993,"Pittsburgh, PA",NYR
MZiba93,Mika,Zibanejad,93,C,R,6-2,200,4/18/1993,"Huddinge, Sweden",NYR
ABelz60,Alex,Belzile,60,RW,R,6-0,197,8/31/1991,"Riviere-du-Loup, PQ",NYR
WCuyl50,Will,Cuylle,50,LW,—,6-3,212,2/5/2002,"Toronto, ON",NYR
KKakk24,Kaapo,Kakko,24,RW,R,6-3,205,2/13/2001,"Turku, Finland",NYR
CKrei20,Chris,Kreider,20,LW,R,6-3,223,4/30/1991,"Boxford, MA",NYR
ALafr13,Alexis,Lafreniere,13,LW,R,6-2,196,10/11/2001,"St-Eustache, PQ",NYR
APana10,Artemi,Panarin,10,LW,R,6-0,175,10/30/1991,"Korkino, USSR",NYR
JVese26,Jimmy,Vesey,26,LW,R,6-3,202,5/26/1993,"Boston, MA",NYR
BWhee26,Blake,Wheeler,26,RW,R,6-5,225,8/31/1986,"Plymouth, MN",NYR
NBrou—,Nikolas,Brouillard,—,D,R,5-10,160,2/7/1995,"St. Hilaire, PQ",NYR
AFox23,Adam,Fox,23,D,R,5-11,183,2/17/1998,"Jericho, NY",NYR
EGust—,Erik,Gustafsson,—,D,R,6-0,197,3/14/1992,"Nynashamn, Sweden",NYR
MHoll—,Mac,Hollowell,—,D,R,5-9,165,9/26/1998,"Niagara Falls, ON",NYR
ZJone6,Zac,Jones,6,D,—,5-10,172,10/18/2000,"Glen Allen, VA",NYR
RLind55,Ryan,Lindgren,55,D,R,6-1,191,2/11/1998,"Burnsville, MN",NYR
CMack12,Connor,Mackey,12,D,R,6-2,190,9/12/1996,"Tower Lakes, IL",NYR
KMill79,K'Andre,Miller,79,D,R,6-4,216,1/21/2000,"St. Paul, MN",NYR
BSchn4,Braden,Schneider,4,D,—,6-2,210,9/20/2001,"Prince Albert, SK, Canada",NYR
JTrou8,Jacob,Trouba,8,D,R,6-3,208,2/26/1994,"Rochester, MI",NYR
JQuic32,Jonathan,Quick,32,G,R,6-1,216,1/21/1986,"Milford, CT",NYR
IShes31,Igor,Shesterkin,31,G,R,6-1,189,12/30/1995,"Moscow, Russia",NYR
KCris41,Kyle,Criscuolo,41,C,R,5-9,175,5/5/1992,"Southampton, NJ",NJ
JDowl73,Justin,Dowling,73,C,R,5-10,180,10/1/1990,"Calgary, AB",NJ
NHisc13,Nico,Hischier,13,C,R,6-1,175,1/4/1999,"Brig, Switzerland",NJ
JHugh86,Jack,Hughes,86,C,R,5-11,175,5/14/2001,"Orlando, FL",NJ
MMcLe20,Michael,McLeod,20,C,R,6-2,190,2/3/1998,"Mississauga, ON",NJ
DMerc91,Dawson,Mercer,91,C,R,6-0,180,10/27/2001,"Carbonear, NL",NJ
CTier67,Chris,Tierney,67,C,R,6-1,191,7/1/1994,"Keswick, ON",NJ
NBast14,Nathan,Bastian,14,RW,R,6-4,205,12/6/1997,"Kitchener, ON",NJ
JBrat63,Jesper,Bratt,63,LW,R,5-10,175,7/30/1998,"Stockholm, Sweden",NJ
EHaul56,Erik,Haula,56,LW,R,5-11,191,3/23/1991,"Pori, Finland",NJ
AHolt10,Alexander,Holtz,10,RW,—,6-0,195,1/23/2002,"Saltsjo-Boo, Sweden",NJ
CLaza42,Curtis,Lazar,42,RW,R,6-0,194,2/2/1995,"Salmon Arm, BC",NJ
TMeie28,Timo,Meier,28,RW,R,6-0,210,10/8/1996,"Herisau, Switzerland",NJ
TNose92,Tomas,Nosek,92,LW,R,6-3,200,9/1/1992,"Pardubice, Czechoslovakia",NJ
OPala18,Ondrej,Palat,18,LW,R,6-0,194,3/28/1991,"Frydek-Mistek, Czechoslovakia",NJ
TToff73,Tyler,Toffoli,73,RW,R,6-0,196,4/24/1992,"Scarborough, ON",NJ
KBahl88,Kevin,Bahl,88,D,R,6-6,230,6/27/2000,"New Westminster, BC",NJ
DHami7,Dougie,Hamilton,7,D,R,6-6,230,6/17/1993,"Toronto, ON",NJ
LHugh43,Luke,Hughes,43,D,—,6-2,184,9/9/2003,"Manchester, NH",NJ
JMari6,John,Marino,6,D,R,6-1,181,5/21/1997,"North Easton, MA",NJ
CMill6,Colin,Miller,6,D,R,6-1,198,10/29/1992,"Sault Ste. Marie, ON",NJ
JSieg71,Jonas,Siegenthaler,71,D,R,6-2,218,5/6/1997,"Zurich, Switzerland",NJ
BSmit2,Brendan,Smith,2,D,R,6-2,200,2/8/1989,"Mimico, ON",NJ
EKall50,Erik,Kallgren,50,G,R,6-3,198,10/14/1996,"Stockholm, Sweden",NJ
ASchm40,Akira,Schmid,40,G,R,6-5,205,5/12/2000,"Bern, Switzerland",NJ
VVane41,Vitek,Vanecek,41,G,R,6-2,184,1/9/1996,"Havlickuv Brod, Czech Republic",NJ
SCout14,Sean,Couturier,14,C,R,6-3,211,12/7/1992,"Phoenix, AZ",PHI
MFros48,Morgan,Frost,48,C,R,5-11,170,5/14/1999,"Aurora, ON",PHI
RGard49,Rhett,Gardner,49,C,R,6-3,225,2/28/1996,"Moose Jaw, SK",PHI
TKone11,Travis,Konecny,11,C,R,5-10,175,3/11/1997,"London, ON",PHI
SLaug21,Scott,Laughton,21,C,R,6-1,190,5/30/1994,"Oakville, ON",PHI
RPoeh—,Ryan,Poehling,—,C,R,6-2,196,1/3/1999,"Lakeville, MN",PHI
CAtki89,Cam,Atkinson,89,RW,R,5-8,176,6/5/1989,"Riverside, CT",PHI
KBell20,Kieffer,Bellows,20,LW,R,6-1,195,6/10/1998,"Edina, MN",PHI
BBrin46,Bobby,Brink,46,RW,—,5-8,159,7/8/2001,"Minnetonka, MN",PHI
N27,Noah,,27,LW,—,6-2,190,2/5/1999,"Stillwater, Minnesota",PHI
NDesl44,Nicolas,Deslauriers,44,LW,R,6-1,220,2/22/1991,"LaSalle, PQ",PHI
JFara86,Joel,Farabee,86,LW,R,6-0,164,2/25/2000,"Syracuse, NY",PHI
TFoer71,Tyson,Foerster,71,RW,R,6-2,194,1/18/2002,"Alliston, ON",PHI
GHath21,Garnet,Hathaway,21,RW,R,6-3,208,11/23/1991,"Kennebunkport, ME",PHI
OTipp74,Owen,Tippett,74,RW,R,6-1,207,2/16/1999,"Peterborough, ON",PHI
EAndr36,Emil,Andrae,36,D,—,5-9,189,2/23/2002,"Vastervik, Sweden",PHI
VMete98,Victor,Mete,98,D,R,5-9,185,6/7/1998,"Woodbridge, ON",PHI
TSanh6,Travis,Sanheim,6,D,R,6-3,181,3/29/1996,"Elkhorn, MB",PHI
NSeel24,Nick,Seeler,24,D,R,6-2,201,6/3/1993,"Eden Prairie, MN",PHI
MStaa—,Marc,Staal,—,D,R,6-4,208,1/13/1987,"Thunder Bay, ON",PHI
SWalk26,Sean,Walker,26,D,R,5-11,196,11/13/1994,"Keswick, ON",PHI
CYork8,Cam,York,8,D,R,5-11,175,1/5/2001,"Anaheim Hills, CA",PHI
EZamu5,Egor,Zamula,5,D,—,6-3,177,3/30/2000,"Chelyabinsk, Russia",PHI
SErss33,Samuel,Ersson,33,G,R,6-2,176,10/20/1999,"Falun, Sweden",PHI
CHart79,Carter,Hart,79,G,R,6-2,181,8/13/1998,"Sherwood Park, AB",PHI
FSand32,Felix,Sandstrom,32,G,R,6-2,191,1/12/1997,"Gavle, Sweden",PHI
NAcci52,Noel,Acciari,52,C,R,5-10,209,12/1/1991,"Johnston, RI",PIT
JCart77,Jeff,Carter,77,C,R,6-3,219,1/1/1985,"London, ON",PIT
SCros87,Sidney,Crosby,87,C,R,5-11,200,8/7/1987,"Cole Harbour, NS",PIT
LElle—,Lars,Eller,—,C,R,6-2,205,5/8/1989,"Rodovre, Denmark",PIT
JGuen59,Jake,Guentzel,59,C,R,5-11,180,10/6/1994,"Omaha, NE",PIT
JHark12,Jansen,Harkins,12,C,R,6-1,182,5/23/1997,"Cleveland, OH",PIT
VHino—,Vinnie,Hinostroza,—,C,R,5-10,177,4/3/1994,"Chicago, IL",PIT
EMalk71,Evgeni,Malkin,71,C,R,6-3,195,7/31/1986,"Magnitogorsk, USSR",PIT
RRake67,Rickard,Rakell,67,C,R,6-1,195,5/5/1993,"Sundbyberg, Sweden",PIT
JKopp—,Joona,Koppanen,—,LW,R,6-5,192,2/25/1998,"Tampere, Finland",PIT
MNiet83,Matt,Nieto,83,LW,R,5-11,185,11/5/1992,"Long Beach, CA",PIT
ANyla92,Alex,Nylander,92,LW,R,6-1,192,3/2/1998,"Calgary, AB",PIT
DO'Co10,Drew,O'Connor,10,LW,R,6-3,200,6/9/1998,"Chatham, NJ",PIT
BRust17,Bryan,Rust,17,RW,R,5-11,192,5/11/1992,"Pontiac, MI",PIT
RSmit19,Reilly,Smith,19,RW,R,6-1,182,4/1/1991,"Mimico, ON",PIT
RZoho—,Radim,Zohorna,—,LW,R,6-6,220,4/29/1996,"Havlickuv Brod, Czech Republic",PIT
MFrie52,Mark,Friedman,52,D,R,5-11,185,12/25/1995,"Toronto, ON",PIT
RGrav—,Ryan,Graves,—,D,R,6-5,220,5/21/1995,"Yarmouth, NS",PIT
PJose73,Pierre-Olivier,Joseph,73,D,—,6-2,185,7/1/1999,"Laval, PQ",PIT
EKarl65,Erik,Karlsson,65,D,R,6-0,190,5/31/1990,"Landsbro, Sweden",PIT
KLeta58,Kris,Letang,58,D,R,6-0,201,4/24/1987,"Montreal, PQ",PIT
JLudv7,John,Ludvig,7,D,R,6-1,213,8/2/2000,"Kamloops, BC",PIT
MPett28,Marcus,Pettersson,28,D,R,6-3,177,5/8/1996,"Skelleftea, Sweden",PIT
CRuhw2,Chad,Ruhwedel,2,D,R,5-11,191,5/7/1990,"San Diego, CA",PIT
RShea46,Ryan,Shea,46,D,R,6-2,190,2/11/1997,"Milton, MA",PIT
MHell—,Magnus,Hellberg,—,G,R,6-6,209,4/4/1991,"Uppsala, Sweden",PIT
TJarr35,Tristan,Jarry,35,G,R,6-2,194,4/29/1995,"Surrey, BC",PIT
ANede—,Alex,Nedeljkovic,—,G,R,6-0,203,1/7/1996,"Parma, OH",PIT
NBack19,Nicklas,Backstrom,19,C,R,6-1,202,11/23/1987,"Gavle, Sweden",WAS
NDowd26,Nic,Dowd,26,C,R,6-1,193,5/27/1990,"Huntsville, AL",WAS
EKuzn92,Evgeny,Kuznetsov,92,C,R,6-2,207,5/19/1992,"Chelyabinsk, Russia",WAS
ALimo—,Alex,Limoges,—,C,R,6-1,201,9/16/1997,"Winchester, VA",WAS
CMcMi24,Connor,McMichael,24,C,R,6-0,180,1/15/2001,"Ajax, ON",WAS
AProt59,Alexei,Protas,59,C,R,6-6,225,1/6/2001,"Vitebsk, Belarus",WAS
DStro17,Dylan,Strome,17,C,R,6-3,200,3/7/1997,"Mississauga, ON",WAS
NAube96,Nicolas,Aube-Kubel,96,RW,R,5-11,187,5/10/1996,"Slave Lake, AB",WAS
BMale47,Beck,Malenstyn,47,LW,R,6-3,200,2/4/1998,"Delta, BC",WAS
AMant39,Anthony,Mantha,39,RW,R,6-5,234,9/16/1994,"Longueuil, PQ",WAS
SMila15,Sonny,Milano,15,LW,R,6-0,194,5/12/1996,"Massapequa, NY",WAS
TOshi77,T.J.,Oshie,77,RW,R,6-0,187,12/23/1986,"Everett, WA",WAS
AOvec8,Alex,Ovechkin,8,LW,R,6-3,238,9/17/1985,"Moscow, USSR",WAS
MPhil45,Matthew,Phillips,45,RW,R,5-7,140,4/6/1998,"Calgary, AB",WAS
TWils43,Tom,Wilson,43,RW,R,6-4,220,3/29/1994,"Toronto, ON",WAS
AAlex27,Alexander,Alexeyev,27,D,R,6-4,210,11/15/1999,"St. Petersberg, Russia",WAS
JCarl74,John,Carlson,74,D,R,6-3,215,1/10/1990,"Natick, MA",WAS
MFehe42,Martin,Fehervary,42,D,R,6-2,199,10/6/1999,"Bratislava, Slovakia",WAS
NJens3,Nick,Jensen,3,D,R,6-1,205,9/21/1990,"Rogers, MN",WAS
LJoha46,Lucas,Johansen,46,D,R,6-2,176,11/16/1997,"Vancouver, BC",WAS
DMcIl25,Dylan,McIlrath,25,D,R,6-5,232,4/20/1992,"Winnipeg, MB",WAS
RSand38,Rasmus,Sandin,38,D,R,5-11,178,3/7/2000,"Uppsala, Sweden",WAS
Tvan57,Trevor,van,57,D,R,6-3,191,7/24/1991,"Middletown, NJ",WAS
DKuem35,Darcy,Kuemper,35,G,R,6-5,215,5/5/1990,"Saskatoon, SK",WAS
CLind79,Charlie,Lindgren,79,G,R,6-1,182,12/18/1993,"Lakeville, MN",WAS
CStev33,Clay,Stevenson,33,G,—,6-4,194,3/3/1999,—,WAS
SCarr39,Sam,Carrick,39,C,R,6-0,200,2/4/1992,"Markham, ON",ANA
BGrou50,Benoit-Olivier,Groulx,50,C,R,6-2,200,2/6/2000,"Gatineau, PQ",ANA
AHenr14,Adam,Henrique,14,C,R,6-0,195,2/6/1990,"Brantford, ON",ANA
MMcTa23,Mason,McTavish,23,C,R,6-0,213,1/30/2003,"Zurich, Switzerland",ANA
RStro16,Ryan,Strome,16,C,R,6-1,191,7/11/1993,"Mississauga, ON",ANA
TZegr11,Trevor,Zegras,11,C,R,6-0,185,3/20/2001,"Bedford, NY",ANA
RJohn44,Ross,Johnston,44,LW,R,6-5,232,2/18/1994,"Charlottetown, PE",ANA
MJone49,Max,Jones,49,LW,R,6-3,216,2/17/1998,"Rochester, MI",ANA
BLeas20,Brett,Leason,20,RW,R,6-5,210,4/30/1999,"Calgary, AB",ANA
JSilf33,Jakob,Silfverberg,33,LW,R,6-1,207,10/13/1990,"Gavle, Sweden",ANA
TTerr19,Troy,Terry,19,RW,R,6-0,185,9/10/1997,"Denver, CO",ANA
FVatr77,Frank,Vatrano,77,RW,R,5-11,197,3/14/1994,"East Longmeadow, MA",ANA
JDrys6,Jamie,Drysdale,6,D,R,5-11,183,4/8/2002,"Toronto, ON",ANA
CFowl4,Cam,Fowler,4,D,R,6-2,215,12/5/1991,"Windsor, ON",ANA
RGuda7,Radko,Gudas,7,D,R,6-0,208,6/5/1990,"Prague, Czechoslovakia",ANA
JLaCo60,Jackson,LaCombe,60,D,—,6-1,171,1/9/2001,"Eden Prairie, MN",ANA
TLune67,Tristan,Luneau,67,D,—,6-1,175,1/12/2004,"Victoriaville, CA",ANA
ILyub46,Ilya,Lyubushkin,46,D,R,6-2,208,4/6/1994,"Moscow, Russia",ANA
PMint67,Pavel,Mintyukov,67,D,—,6-2,194,11/25/2003,"Moscow, RU",ANA
UVaak5,Urho,Vaakanainen,5,D,R,6-2,200,1/1/1999,"Joensuu, Finland",ANA
OZell51,Olen,Zellweger,51,D,R,5-9,175,9/10/2003,"Calgary, AB",ANA
LDost1,Lukas,Dostal,1,G,R,6-2,174,6/22/2000,"Brno, Czech Republic",ANA
OErik31,Olle,Eriksson,31,G,R,6-3,189,6/22/1999,"Karlstad, Sweden",ANA
JGibs36,John,Gibson,36,G,R,6-2,210,7/14/1993,"Pittsburgh, PA",ANA
MBack11,Mikael,Backlund,11,C,R,6-0,200,3/17/1989,"Vasteras, Sweden",CGY
BCole20,Blake,Coleman,20,C,R,5-11,207,11/28/1991,"Plano, TX",CGY
DDube29,Dillon,Dube,29,C,R,5-11,187,7/20/1998,"Golden, BC",CGY
NKadr91,Nazem,Kadri,91,C,R,6-0,192,10/6/1990,"London, ON",CGY
ELind28,Elias,Lindholm,28,C,R,6-1,195,12/2/1994,"Boden, Sweden",CGY
ARuzi63,Adam,Ruzicka,63,C,R,6-4,209,5/11/1999,"Bratislava, Slovakia",CGY
YShar17,Yegor,Sharangovich,17,C,R,6-2,196,6/6/1998,"Minsk, Belarus",CGY
MCoro27,Matthew,Coronato,27,RW,—,5-10,183,11/14/2002,"Greenlawn, NY",CGY
WDueh71,Walker,Duehr,71,RW,R,6-2,210,11/23/1997,"Sioux Falls, SD",CGY
AGree10,A.J.,Greer,10,LW,R,6-3,210,12/14/1996,"Joliette, PQ",CGY
JHube10,Jonathan,Huberdeau,10,LW,R,6-1,202,6/4/1993,"Saint-Jerome, PQ",CGY
AMang88,Andrew,Mangiapane,88,LW,R,5-10,184,4/4/1996,"Toronto, ON",CGY
RAnde4,Rasmus,Andersson,4,D,R,6-1,214,10/27/1996,"Malmo, Sweden",CGY
DGilb48,Dennis,Gilbert,48,D,R,6-2,216,10/30/1996,"Buffalo, NY",CGY
NHani55,Noah,Hanifin,55,D,R,6-3,215,1/25/1997,"Boston, MA",CGY
DHunt15,Dryden,Hunt,15,D,R,6-0,192,11/24/1995,"Cranbrook, BC",CGY
JOest82,Jordan,Oesterle,82,D,R,6-0,188,6/25/1992,"Dearborn Heights, MI",CGY
CTane8,Christopher,Tanev,8,D,R,6-2,197,12/20/1989,"Toronto, ON",CGY
MWeeg52,MacKenzie,Weegar,52,D,R,6-0,200,1/7/1994,"Ottawa, ON",CGY
NZado16,Nikita,Zadorov,16,D,R,6-6,235,4/16/1995,"Moscow, Russia",CGY
JMark25,Jacob,Markstrom,25,G,R,6-6,206,1/31/1990,"Gavle, Sweden",CGY
DVlad80,Dan,Vladar,80,G,R,6-5,185,8/20/1997,"Prague, Czech Republic",CGY
DWolf40,Dustin,Wolf,40,G,R,6-0,156,4/16/2001,"Tustin, CA",CGY
CBrow28,Connor,Brown,28,C,R,6-0,181,1/14/1994,"Toronto, ON",EDM
LDrai29,Leon,Draisaitl,29,C,R,6-2,208,10/27/1995,"Cologne, Germany",EDM
DHoll55,Dylan,Holloway,55,C,R,6-1,203,9/23/2001,"Calgary, AB",EDM
ZHyma18,Zach,Hyman,18,C,R,6-1,211,6/9/1992,"Toronto, ON",EDM
MJanm26,Mattias,Janmark,26,C,R,6-1,195,12/8/1992,"Danderyd, Sweden",EDM
CMcDa97,Connor,McDavid,97,C,R,6-1,193,1/13/1997,"Richmond Hill, ON",EDM
RMcLe71,Ryan,McLeod,71,C,R,6-2,207,9/21/1999,"Mississauga, ON",EDM
RNuge93,Ryan,Nugent-Hopkins,93,C,R,6-0,184,4/12/1993,"Burnaby, BC",EDM
LPede18,Lane,Pederson,18,C,R,6-0,190,8/4/1997,"Saskatoon, SK",EDM
DRyan10,Derek,Ryan,10,C,R,5-10,185,12/29/1986,"Spokane, WA",EDM
DCagg—,Drake,Caggiula,—,RW,R,5-10,176,6/20/1994,"Pickering, ON",EDM
AErne—,Adam,Erne,—,LW,R,6-1,211,4/20/1995,"New Haven, CT",EDM
WFoeg37,Warren,Foegele,37,LW,R,6-2,198,4/1/1996,"Markham, ON",EDM
EKane91,Evander,Kane,91,LW,R,6-2,210,8/2/1991,"Vancouver, BC",EDM
EBouc2,Evan,Bouchard,2,D,R,6-3,194,10/20/1999,"Oakville, ON",EDM
PBrob86,Philip,Broberg,86,D,R,6-3,199,6/25/2001,"Orebro, Sweden",EDM
CCeci5,Cody,Ceci,5,D,R,6-2,210,12/21/1993,"Ottawa, ON",EDM
JDeme55,Jason,Demers,55,D,R,6-1,195,6/9/1988,"Dorval, PQ",EDM
VDesh73,Vincent,Desharnais,73,D,R,6-6,207,5/29/1996,"Laval, PQ",EDM
MEkho14,Mattias,Ekholm,14,D,R,6-4,215,5/24/1990,"Borlange, Sweden",EDM
BGlea—,Ben,Gleason,—,D,R,6-1,185,3/25/1998,"Ortonville, MI",EDM
NHoef—,Noel,Hoefenmayer,—,D,R,6-0,191,1/6/1999,"Toronto, ON",EDM
BKula27,Brett,Kulak,27,D,R,6-1,197,1/6/1994,"Edmonton, AB",EDM
DNurs25,Darnell,Nurse,25,D,R,6-4,221,2/4/1995,"Hamilton, ON",EDM
JCamp36,Jack,Campbell,36,G,R,6-3,207,1/9/1992,"Port Huron, MI",EDM
SSkin74,Stuart,Skinner,74,G,R,6-4,206,11/1/1998,"Edmonton, AB",EDM
JAnde28,Jaret,Anderson-Dolan,28,C,R,5-11,188,9/12/1999,"Calgary, AB",LA
QByfi55,Quinton,Byfield,55,C,R,6-4,215,8/19/2002,"Newmarket, ON",LA
PDana24,Phillip,Danault,24,C,R,6-1,200,2/24/1993,"Victoriaville, PQ",LA
PDubo80,Pierre-Luc,Dubois,80,C,R,6-2,205,6/24/1998,"Ste-Agathe-des-Monts, PQ",LA
AKopi11,Anze,Kopitar,11,C,R,6-3,225,8/24/1987,"Jesenice, Yugoslavia",LA
TLewi—,Trevor,Lewis,—,C,R,6-1,202,1/8/1987,"Salt Lake City, UT",LA
BLizo46,Blake,Lizotte,46,C,R,5-7,172,12/13/1997,"Lindstrom, MN",LA
FPine38,Francesco,Pinelli,38,C,R,6-0,185,4/11/2003,"Hamilton, ON",LA
KFial22,Kevin,Fiala,22,LW,R,5-10,204,7/22/1996,"St. Gallen, Switzerland",LA
CGrun91,Carl,Grundstrom,91,RW,R,6-0,201,12/1/1997,"Umea, Sweden",LA
AKali34,Arthur,Kaliyev,34,RW,R,6-2,190,6/26/2001,"Tashkent, Uzbekistan",LA
AKemp9,Adrian,Kempe,9,RW,R,6-2,201,9/13/1996,"Kramfors, Sweden",LA
ALafe78,Alex,Laferriere,78,RW,—,6-0,173,10/28/2001,"Chatham, NJ",LA
MMalt57,Mikhail,Maltsev,57,LW,R,6-3,198,3/12/1998,"St. Petersburg, Russia",LA
TMoor12,Trevor,Moore,12,LW,R,5-10,185,3/31/1995,"Thousand Oaks, CA",LA
MAnde44,Mikey,Anderson,44,D,R,6-0,197,5/25/1999,"Fridley, MN",LA
TBjor7,Tobias,Bjornfot,7,D,R,6-0,202,4/6/2001,"Upplands Vasby, Sweden",LA
DDoug8,Drew,Doughty,8,D,R,6-1,202,12/8/1989,"London, ON",LA
AEngl—,Andreas,Englund,—,D,R,6-3,189,1/21/1996,"Stockholm, Sweden",LA
VGavr84,Vladislav,Gavrikov,84,D,R,6-3,213,11/21/1995,"Yaroslavl, Russia",LA
JHick—,Joe,Hicketts,—,D,R,5-8,180,5/4/1996,"Kamloops, BC",LA
TPacq82,Tobie,Pacquette-Bisson,82,D,—,6-3,194,2/1/1997,"Rosemere, CA",LA
MRoy3,Matt,Roy,3,D,R,6-1,200,3/1/1995,"Detroit, MI",LA
SSant—,Steven,Santini,—,D,R,6-2,205,3/7/1995,"Bronxville, NY",LA
JSpen21,Jordan,Spence,21,D,R,5-10,164,2/24/2001,"Sydney, New South Wales",LA
JBeru85,J-F,Berube,85,G,R,6-1,177,7/13/1991,"Repentigny, PQ",LA
PCopl29,Pheonix,Copley,29,G,R,6-4,196,1/18/1992,"North Pole, AK",LA
DRitt—,David,Rittich,—,G,R,6-3,206,8/19/1992,"Jihlava, Czechoslovakia",LA
CTalb33,Cam,Talbot,33,G,R,6-4,196,7/5/1987,"Caledonia, ON",LA
TBord17,Thomas,Bordeleau,17,C,—,5-10,175,1/3/2002,—,SJ
THert48,Tomas,Hertl,48,C,R,6-2,215,11/12/1993,"Prague, Czech Republic",SJ
MHoff68,Mike,Hoffman,68,C,R,6-0,184,11/24/1989,"Kitchener, ON",SJ
LKuni11,Luke,Kunin,11,C,R,6-0,197,12/4/1997,"Chesterfield, MO",SJ
JPete24,Jacob,Peterson,24,C,R,6-1,180,7/19/1999,"Lidkoping, Sweden",SJ
NStur7,Nico,Sturm,7,C,R,6-3,209,5/3/1995,"Augsburg, Germany",SJ
NTodd—,Nathan,Todd,—,C,—,6-1,200,12/2/1995,"Kemptville, CA",SJ
ABara94,Alexander,Barabanov,94,RW,R,5-10,192,6/17/1994,"St. Petersburg, Russia",SJ
ADucl10,Anthony,Duclair,10,LW,R,5-11,197,8/26/1995,"Pointe-Claire, PQ",SJ
WEklu72,William,Eklund,72,LW,R,5-10,176,10/12/2002,"Haninge, Sweden",SJ
KLaba62,Kevin,Labanc,62,RW,R,5-11,185,12/12/1995,"Brooklyn, NY",SJ
ARask57,Adam,Raska,57,RW,R,5-10,178,9/25/2001,"Frydek-Mistek, Czech Republic",SJ
SSabo49,Scott,Sabourin,49,RW,R,6-3,208,7/30/1992,"Orleans, ON",SJ
GSmit54,Givani,Smith,54,RW,R,6-2,215,2/27/1998,"Toronto, ON",SJ
CSues53,C.J.,Suess,53,LW,R,5-11,190,3/17/1994,"St. Paul, MN",SJ
FZadi18,Filip,Zadina,18,RW,R,6-0,197,11/27/1999,"Pardubice, Czech Republic",SJ
FZett20,Fabian,Zetterlund,20,LW,R,5-11,220,8/25/1999,"Karlstad, Sweden",SJ
MBenn5,Matt,Benning,5,D,R,6-1,203,5/25/1994,"Edmonton, AB",SJ
KBurr4,Kyle,Burroughs,4,D,R,6-0,193,7/12/1995,"Vancouver, BC",SJ
TEmbe6,Ty,Emberson,6,D,R,6-1,195,5/23/2000,"Eau Claire, WI",SJ
MFerr38,Mario,Ferraro,38,D,R,5-11,185,9/17/1998,"Toronto, ON",SJ
NKnyz71,Nikolai,Knyzhov,71,D,R,6-2,218,3/20/1998,"Kemerovo, Russia",SJ
JRutt84,Jan,Rutta,84,D,R,6-3,204,7/29/1990,"Pisek, Czechoslovakia",SJ
HThru3,Henry,Thrun,3,D,—,6-2,190,3/12/2001,"Southborough, MA",SJ
MVlas44,Marc-Edouard,Vlasic,44,D,R,6-1,205,3/30/1987,"Montreal, PQ",SJ
MBlac29,MacKenzie,Blackwood,29,G,R,6-4,225,12/9/1996,"Thunder Bay, ON",SJ
KKahk36,Kaapo,Kahkonen,36,G,R,6-2,217,8/16/1996,"Helsinki, Finland",SJ
MBeni10,Matty,Beniers,10,C,—,6-2,175,11/5/2002,"Hingham, MA",SEA
JMcCa19,Jared,McCann,19,C,R,6-1,185,5/31/1996,"Stratford, ON",SEA
AWenn21,Alex,Wennberg,21,C,R,6-2,197,9/22/1994,"Stockholm, Sweden",SEA
PBell41,Pierre-Edouard,Bellemare,41,LW,R,6-0,198,3/6/1985,"Le Blanc-Mesnil, France",SEA
OBjor22,Oliver,Bjorkstrand,22,RW,R,6-0,177,4/10/1995,"Herning, Denmark",SEA
ABura95,Andre,Burakovsky,95,LW,R,6-3,201,2/9/1995,"Klagenfurt, Austria",SEA
JEber7,Jordan,Eberle,7,RW,R,5-11,187,5/15/1990,"Regina, SK",SEA
YGour37,Yanni,Gourde,37,LW,R,5-9,173,12/15/1991,"Saint-Narcisse, PQ",SEA
TKart52,Tye,Kartye,52,LW,R,5-11,202,4/30/2001,"Kitchener, ON",SEA
JSchw17,Jaden,Schwartz,17,LW,R,5-10,190,6/25/1992,"Wilcox, SK",SEA
BTane13,Brandon,Tanev,13,LW,R,6-0,180,12/31/1991,"Toronto, ON",SEA
ETolv20,Eeli,Tolvanen,20,RW,R,5-10,191,4/22/1999,"Vihti, Finland",SEA
KYama56,Kailer,Yamamoto,56,RW,R,5-8,153,9/29/1998,"Spokane, WA",SEA
WBorg3,Will,Borgen,3,D,R,6-3,205,12/19/1996,"Moorhead, MN",SEA
BDumo8,Brian,Dumoulin,8,D,R,6-4,207,9/6/1991,"Biddeford, ME",SEA
VDunn29,Vince,Dunn,29,D,R,6-0,203,10/29/1996,"Mississauga, ON",SEA
ALars6,Adam,Larsson,6,D,R,6-3,208,11/12/1992,"Skelleftea, Sweden",SEA
JMegn44,Jaycob,Megna,44,D,R,6-6,221,12/10/1992,"Plantation, FL",SEA
JOlek24,Jamie,Oleksiak,24,D,R,6-7,255,12/21/1992,"Toronto, ON",SEA
GOlof23,Gustav,Olofsson,23,D,R,6-2,199,12/1/1994,"Boras, Sweden",SEA
JSchu4,Justin,Schultz,4,D,R,6-2,188,7/6/1990,"Kelowna, BC",SEA
JDacc35,Joey,Daccord,35,G,R,6-2,197,8/19/1996,"Boston, MA",SEA
PGrub31,Philipp,Grubauer,31,G,R,6-1,188,11/25/1991,"Rosenheim, Germany",SEA
TBlue53,Teddy,Blueger,53,C,R,6-0,185,8/15/1994,"Riga, Latvia",VAN
SDrie15,Sheldon,Dries,15,C,R,5-9,180,4/23/1994,"Macomb Township, MI",VAN
DJosh81,Dakota,Joshua,81,C,R,6-2,199,5/15/1996,"Dearborn, MI",VAN
SLaff18,Sam,Lafferty,18,C,R,6-1,195,3/6/1995,"Hollidaysburg, PA",VAN
JMill9,J.T.,Miller,9,C,R,6-1,218,3/14/1993,"East Palestine, OH",VAN
EPett40,Elias,Pettersson,40,C,R,6-2,176,11/12/1998,"Sundsvall, Sweden",VAN
JStud18,Jack,Studnicka,18,C,R,6-2,196,2/18/1999,"Windsor, ON",VAN
PSute24,Pius,Suter,24,C,R,5-11,174,5/24/1996,"Zurich, Switzerland",VAN
ABeau72,Anthony,Beauvillier,72,LW,R,5-11,180,6/8/1997,"Sorel, PQ",VAN
BBoes6,Brock,Boeser,6,RW,R,6-1,208,2/25/1997,"Burnsville, MN",VAN
PDi34,Phillip,Di,34,LW,R,6-0,193,10/9/1993,"Toronto, ON",VAN
CGarl8,Conor,Garland,8,RW,R,5-10,165,3/11/1996,"Scituate, MA",VAN
NHogl21,Nils,Hoglander,21,LW,R,5-9,185,12/20/2000,"Bocktrask, Sweden",VAN
VKrav91,Vitali,Kravtsov,91,RW,R,6-3,193,12/23/1999,"Vladivostok, Russia",VAN
AKuzm96,Andrei,Kuzmenko,96,LW,R,5-11,194,2/4/1996,"Yakutsk, Russia",VAN
GBris55,Guillaume,Brisebois,55,D,R,6-2,175,7/21/1997,"Longueuil, PQ",VAN
ICole82,Ian,Cole,82,D,R,6-1,225,2/21/1989,"Ann Arbor, MI",VAN
AHiro36,Akito,Hirose,36,D,—,6-0,170,4/9/1999,"Calgary, CA",VAN
FHron17,Filip,Hronek,17,D,R,6-0,188,11/2/1997,"Hradec Kralove, Czech Republic",VAN
QHugh43,Quinn,Hughes,43,D,R,5-10,180,10/14/1999,"Orlando, FL",VAN
NJuul47,Noah,Juulsen,47,D,R,6-2,201,4/2/1997,"Surrey, BC",VAN
TMyer57,Tyler,Myers,57,D,R,6-8,229,2/1/1990,"Houston, TX",VAN
JRath3,Jack,Rathbone,3,D,R,5-10,177,5/20/1999,"Boston, MA",VAN
CSouc7,Carson,Soucy,7,D,R,6-5,211,7/27/1994,"Viking, AB",VAN
CDeSm—,Casey,DeSmith,—,G,—,6-0,181,8/13/1991,"Rochester, NH",VAN
TDemk35,Thatcher,Demko,35,G,R,6-4,192,12/8/1995,"San Diego, CA",VAN
ASilo31,Arturs,Silovs,31,G,R,6-4,203,3/22/2001,"Riga, Latvia",VAN
MAmad22,Michael,Amadio,22,C,R,6-2,205,5/13/1996,"Sault Ste. Marie, ON",LV
IBarb49,Ivan,Barbashev,49,C,R,6-1,195,12/14/1995,"Moscow, Russia",LV
BBris24,Brendan,Brisson,24,C,—,5-11,179,10/22/2001,"Manhattan Beach, CA",LV
PCott43,Paul,Cotter,43,C,R,6-1,206,11/16/1999,"Canton, MI",LV
PDoro16,Pavel,Dorofeyev,16,C,—,6-1,167,10/26/2000,"Nizhny Tagil, Russia",LV
JEich9,Jack,Eichel,9,C,R,6-2,213,10/28/1996,"North Chelmsford, MA",LV
BHowd21,Brett,Howden,21,C,R,6-3,200,3/29/1998,"Calgary, AB",LV
WKarl71,William,Karlsson,71,C,R,6-0,191,1/8/1993,"Marsta, Sweden",LV
JMarc81,Jonathan,Marchessault,81,C,R,5-9,180,12/27/1990,"Cap-Rouge, PQ",LV
NRoy10,Nicolas,Roy,10,C,R,6-4,205,2/5/1997,"Amos, PQ",LV
CStep20,Chandler,Stephenson,20,C,R,6-0,199,4/22/1994,"Saskatoon, SK",LV
WCarr28,William,Carrier,28,LW,R,6-2,218,12/20/1994,"LaSalle, PQ",LV
MComt—,Max,Comtois,—,LW,R,6-2,210,1/8/1999,"Longueuil, PQ",LV
KKole55,Keegan,Kolesar,55,RW,R,6-2,217,4/8/1997,"Brandon, MB",LV
JRond46,Jonas,Rondbjerg,46,RW,R,6-2,197,3/31/1999,"Horsholm, Denmark",LV
MSton61,Mark,Stone,61,RW,R,6-3,202,5/13/1992,"Winnipeg, MB",LV
LCorm40,Lukas,Cormier,40,D,R,5-10,180,3/27/2002,"Ste-Marie-de-Kent, NB",LV
NHagu14,Nicolas,Hague,14,D,R,6-6,230,12/5/1998,"Kitchener, ON",LV
BHutt17,Ben,Hutton,17,D,R,6-2,206,4/20/1993,"Brockville, ON",LV
KKorc6,Kaedan,Korczak,6,D,R,6-3,192,1/29/2001,"Yorkton, SK",LV
BMcNa3,Brayden,McNabb,3,D,R,6-4,216,1/21/1991,"Davidson, SK",LV
BPach94,Brayden,Pachal,94,D,R,6-2,203,8/23/1999,"Estevan, SK",LV
APiet7,Alex,Pietrangelo,7,D,R,6-3,210,1/18/1990,"King City, ON",LV
STheo27,Shea,Theodore,27,D,R,6-2,195,8/3/1995,"Langley, BC",LV
AHill33,Adin,Hill,33,G,R,6-6,202,5/11/1996,"Comox, BC",LV
LThom36,Logan,Thompson,36,G,R,6-4,201,2/25/1997,"Calgary, AB",LV
JVikm—,Jesper,Vikman,—,G,R,6-3,179,3/11/2002,"Stockholm, Sweden",LV
