"goalID","scorer","period","teamName","goalDate","gameID"
"2023101002:25TB4",Nick Paul,"3RD",Tampa Bay Lightning,2023-10-10,"20231010NSH@TB"
"2023101003:07TB5",Brandon Hagel,"3RD",Tampa Bay Lightning,2023-10-10,"20231010NSH@TB"
"2023101007:04PIT1",Bryan Rust,"1ST",Pittsburgh Penguins,2023-10-10,"20231010CHI@PIT"
"2023101008:19SEA4",Jared McCann,"2ND",Seattle Kraken,2023-10-10,"20231010SEA@VGK"
"2023101008:48NSH6",Tommy Novak,"3RD",Nashville Predators,2023-10-10,"20231010NSH@TB"
"2023101009:48TB1",Nikita Kucherov,"1ST",Tampa Bay Lightning,2023-10-10,"20231010NSH@TB"
"2023101010:05CHI4",Cole Guttman,"3RD",Chicago Blackhawks,2023-10-10,"20231010CHI@PIT"
"2023101010:52TB7",Nick Paul,"3RD",Tampa Bay Lightning,2023-10-10,"20231010NSH@TB"
"2023101011.0NSH3",Juuso Parssinen,"3RD",Nashville Predators,2023-10-10,"20231010NSH@TB"
"2023101011:56PIT2",Sidney Crosby,"2ND",Pittsburgh Penguins,2023-10-10,"20231010CHI@PIT"
"2023101015:29CHI5",Jason Dickinson,"3RD",Chicago Blackhawks,2023-10-10,"20231010CHI@PIT"
"2023101015:37CHI3",Ryan Donato,"2ND",Chicago Blackhawks,2023-10-10,"20231010CHI@PIT"
"2023101016:15NSH2",Ryan O'Reilly,"2ND",Nashville Predators,2023-10-10,"20231010NSH@TB"
"2023101018:33CHI6",Nick Foligno,"3RD",Chicago Blackhawks,2023-10-10,"20231010CHI@PIT"
"2023101019:58TB8",Nikita Kucherov,"3RD",Tampa Bay Lightning,2023-10-10,"20231010NSH@TB"
"2023101101:10MON2",Alex Newhook,"2ND",Montreal Canadiens,2023-10-11,"20231011MON@TOR"
"2023101102:54COL2",Cale Makar,"2ND",Colorado Avalanche,2023-10-11,"20231011COL@LA"
"2023101102:55CAR2",Michael Bunting,"2ND",Carolina Hurricanes,2023-10-11,"20231011OTT@CAR"
"2023101103:01MON1",Jake Evans,"1ST",Montreal Canadiens,2023-10-11,"20231011MON@TOR"
"2023101103:14OTT1",Mathieu Joseph,"1ST",Ottawa Senators,2023-10-11,"20231011OTT@CAR"
"2023101103:47COL3",Mikko Rantanen,"2ND",Colorado Avalanche,2023-10-11,"20231011COL@LA"
"2023101104:03VAN3",Brock Boeser,"2ND",Vancouver Canucks,2023-10-11,"20231011EDM@VAN"
"2023101104:25MON6",Cole Caufield,"3RD",Montreal Canadiens,2023-10-11,"20231011MON@TOR"
"2023101104:59COL6",Mikko Rantanen,"3RD",Colorado Avalanche,2023-10-11,"20231011COL@LA"
"2023101105:00TOR11",Mitchell Marner,SHO,Toronto Maple Leafs,2023-10-11,"20231011MON@TOR"
"2023101105:14OTT5",Parker Kelly,"3RD",Ottawa Senators,2023-10-11,"20231011OTT@CAR"
"2023101105:37CHI1",Connor Bedard,"1ST",Chicago Blackhawks,2023-10-11,"20231011CHI@BOS"
"2023101105:43VAN7",Brock Boeser,"3RD",Vancouver Canucks,2023-10-11,"20231011EDM@VAN"
"2023101105:47MON7",Alex Newhook,"3RD",Montreal Canadiens,2023-10-11,"20231011MON@TOR"
"2023101105:49OTT6",Tim Stutzle,"3RD",Ottawa Senators,2023-10-11,"20231011OTT@CAR"
"2023101106:18LA4",Carl Grundstrom,"2ND",Los Angeles Kings,2023-10-11,"20231011COL@LA"
"2023101106:56VAN8",J.T. Miller,"3RD",Vancouver Canucks,2023-10-11,"20231011EDM@VAN"
"2023101107:25COL1",Nathan MacKinnon,"1ST",Colorado Avalanche,2023-10-11,"20231011COL@LA"
"2023101107:30VAN4",Brock Boeser,"2ND",Vancouver Canucks,2023-10-11,"20231011EDM@VAN"
"2023101107:46TOR3",Noah Gregor,"2ND",Toronto Maple Leafs,2023-10-11,"20231011MON@TOR"
"2023101107:51CAR7",Brady Skjei,"3RD",Carolina Hurricanes,2023-10-11,"20231011OTT@CAR"
"2023101108:06VAN1",Conor Garland,"1ST",Vancouver Canucks,2023-10-11,"20231011EDM@VAN"
"2023101108:20EDM5",Leon Draisaitl,"2ND",Edmonton Oilers,2023-10-11,"20231011EDM@VAN"
"2023101111:05CAR8",Jaccob Slavin,"3RD",Carolina Hurricanes,2023-10-11,"20231011OTT@CAR"
"2023101111:08VAN6",Elias Pettersson,"2ND",Vancouver Canucks,2023-10-11,"20231011EDM@VAN"
"2023101111:19WPG4",Alex Iafallo,"2ND",Winnipeg Jets,2023-10-11,"20231011WPG@CGY"
"2023101111:22BOS2",Trent Frederic,"1ST",Boston Bruins,2023-10-11,"20231011CHI@BOS"
"2023101111:27VAN2",Brock Boeser,"1ST",Vancouver Canucks,2023-10-11,"20231011EDM@VAN"
"2023101111:55MON8",Jesse Ylonen,"3RD",Montreal Canadiens,2023-10-11,"20231011MON@TOR"
"2023101112:29CGY1",Andrew Mangiapane,"1ST",Calgary Flames,2023-10-11,"20231011WPG@CGY"
"2023101113:09BOS3",David Pastrnak,"2ND",Boston Bruins,2023-10-11,"20231011CHI@BOS"
"2023101113:49CGY5",Rasmus Andersson,"2ND",Calgary Flames,2023-10-11,"20231011WPG@CGY"
"2023101114:18WPG6",Mark Scheifele,"3RD",Winnipeg Jets,2023-10-11,"20231011WPG@CGY"
"2023101114:48VAN9",Dakota Joshua,"3RD",Vancouver Canucks,2023-10-11,"20231011EDM@VAN"
"2023101114:48WPG2",Kyle Connor,"1ST",Winnipeg Jets,2023-10-11,"20231011WPG@CGY"
"2023101114:51TOR4",Auston Matthews,"2ND",Toronto Maple Leafs,2023-10-11,"20231011MON@TOR"
"2023101115:28TOR9",Auston Matthews,"3RD",Toronto Maple Leafs,2023-10-11,"20231011MON@TOR"
"2023101116:08COL7",Miles Wood,"3RD",Colorado Avalanche,2023-10-11,"20231011COL@LA"
"2023101117:50CGY3",MacKenzie Weegar,"1ST",Calgary Flames,2023-10-11,"20231011WPG@CGY"
"2023101117:57CAR3",Teuvo Teravainen,"2ND",Carolina Hurricanes,2023-10-11,"20231011OTT@CAR"
"2023101118:28CGY7",Elias Lindholm,"3RD",Calgary Flames,2023-10-11,"20231011WPG@CGY"
"2023101118:53TOR10",Auston Matthews,"3RD",Toronto Maple Leafs,2023-10-11,"20231011MON@TOR"
"2023101119:04BOS4",David Pastrnak,"3RD",Boston Bruins,2023-10-11,"20231011CHI@BOS"
"2023101119:15TOR5",William Nylander,"2ND",Toronto Maple Leafs,2023-10-11,"20231011MON@TOR"
"2023101119:53CGY8",Andrew Mangiapane,"3RD",Calgary Flames,2023-10-11,"20231011WPG@CGY"
"2023101119:55LA5",Quinton Byfield,"2ND",Los Angeles Kings,2023-10-11,"20231011COL@LA"
"2023101120.0CAR4",Jordan Staal,"3RD",Carolina Hurricanes,2023-10-11,"20231011OTT@CAR"
"2023101202:37STL2",Tyler Tucker,"2ND",St. Louis Blues,2023-10-12,"20231012STL@DAL"
"2023101203:33PHI1",Joel Farabee,"1ST",Philadelphia Flyers,2023-10-12,"20231012PHI@CLB"
"2023101203:47NYR1",Alexis Lafreniere,"1ST",New York Rangers,2023-10-12,"20231012NYR@BUF"
"2023101205:00DAL3",Jason Robertson,SHO,Dallas Stars,2023-10-12,"20231012STL@DAL"
"2023101205:00DAL5",Matt Duchene,SHO,Dallas Stars,2023-10-12,"20231012STL@DAL"
"2023101205:00STL4",Brayden Schenn,SHO,St. Louis Blues,2023-10-12,"20231012STL@DAL"
"2023101207:54MIN1",Brock Faber,"1ST",Minnesota Wild,2023-10-12,"20231012FLA@MIN"
"2023101208:24CLB2",Jake Bean,"1ST",Columbus Blue Jackets,2023-10-12,"20231012PHI@CLB"
"2023101210:03NSH2",Gustav Nyquist,"3RD",Nashville Predators,2023-10-12,"20231012SEA@NSH"
"2023101210:24NSH1",Colton Sissons,"2ND",Nashville Predators,2023-10-12,"20231012SEA@NSH"
"2023101210:43DET4",Alex DeBrincat,"3RD",Detroit Red Wings,2023-10-12,"20231012DET@NJ"
"2023101211:34NYR5",Chris Kreider,"3RD",New York Rangers,2023-10-12,"20231012NYR@BUF"
"2023101212:14DET1",Daniel Sprong,"2ND",Detroit Red Wings,2023-10-12,"20231012DET@NJ"
"2023101212:22NYR2",Chris Kreider,"1ST",New York Rangers,2023-10-12,"20231012NYR@BUF"
"2023101212:43PHI3",Travis Konecny,"1ST",Philadelphia Flyers,2023-10-12,"20231012PHI@CLB"
"2023101212:49NYR3",Artemi Panarin,"2ND",New York Rangers,2023-10-12,"20231012NYR@BUF"
"2023101212:56MIN2",Joel Eriksson Ek,"2ND",Minnesota Wild,2023-10-12,"20231012FLA@MIN"
"2023101213:39NJ2",Jack Hughes,"2ND",New Jersey Devils,2023-10-12,"20231012DET@NJ"
"2023101215:37NJ5",Dougie Hamilton,"3RD",New Jersey Devils,2023-10-12,"20231012DET@NJ"
"2023101218.0DAL1",Jamie Benn,"2ND",Dallas Stars,2023-10-12,"20231012STL@DAL"
"2023101218:19NSH3",Juuso Parssinen,"3RD",Nashville Predators,2023-10-12,"20231012SEA@NSH"
"2023101218:29NJ6",Erik Haula,"3RD",New Jersey Devils,2023-10-12,"20231012DET@NJ"
"2023101218:30BUF4",John-Jason Peterka,"2ND",Buffalo Sabres,2023-10-12,"20231012NYR@BUF"
"2023101218:31NYR6",Jacob Trouba,"3RD",New York Rangers,2023-10-12,"20231012NYR@BUF"
"2023101218:31PHI4",Cam Atkinson,"3RD",Philadelphia Flyers,2023-10-12,"20231012PHI@CLB"
"2023101218:43NJ3",Jack Hughes,"2ND",New Jersey Devils,2023-10-12,"20231012DET@NJ"
"2023101219:16CLB5",Patrik Laine,"3RD",Columbus Blue Jackets,2023-10-12,"20231012PHI@CLB"
"2023101219:26DET7",Robby Fabbri,"3RD",Detroit Red Wings,2023-10-12,"20231012DET@NJ"
"2023101219:59PHI6",Travis Konecny,"3RD",Philadelphia Flyers,2023-10-12,"20231012PHI@CLB"
"2023101304:07PIT1",Evgeni Malkin,"2ND",Pittsburgh Penguins,2023-10-13,"20231013PIT@WAS"
"2023101304:23ARI2",Sean Durzi,"2ND",Arizona Coyotes,2023-10-13,"20231013ARI@NJ"
"2023101305:00ARI7",Nick Bjugstad,SHO,Arizona Coyotes,2023-10-13,"20231013ARI@NJ"
"2023101305:00ARI8",Nick Schmaltz,SHO,Arizona Coyotes,2023-10-13,"20231013ARI@NJ"
"2023101305:51PIT2",Sidney Crosby,"2ND",Pittsburgh Penguins,2023-10-13,"20231013PIT@WAS"
"2023101306:22ARI1",Matt Dumba,"1ST",Arizona Coyotes,2023-10-13,"20231013ARI@NJ"
"2023101308:09NJ3",Jesper Bratt,"2ND",New Jersey Devils,2023-10-13,"20231013ARI@NJ"
"2023101311:46PIT3",Sidney Crosby,"2ND",Pittsburgh Penguins,2023-10-13,"20231013PIT@WAS"
"2023101312:29NJ4",Dougie Hamilton,"2ND",New Jersey Devils,2023-10-13,"20231013ARI@NJ"
"2023101313:55ARI6",Nick Schmaltz,"3RD",Arizona Coyotes,2023-10-13,"20231013ARI@NJ"
"2023101316:57PIT4",Reilly Smith,"3RD",Pittsburgh Penguins,2023-10-13,"20231013PIT@WAS"
"2023101318:53NJ5",Jesper Bratt,"2ND",New Jersey Devils,2023-10-13,"20231013ARI@NJ"
"2023101401:32OTT7",Brady Tkachuk,"3RD",Ottawa Senators,2023-10-14,"20231014PHI@OTT"
"2023101401:45EDM4",Connor McDavid,"2ND",Edmonton Oilers,2023-10-14,"20231014VAN@EDM"
"2023101402:01DET5",Lucas Raymond,"2ND",Detroit Red Wings,2023-10-14,"20231014TB@DET"
"2023101402:34BUF4",Casey Mittelstadt,"3RD",Buffalo Sabres,2023-10-14,"20231014BUF@NYI"
"2023101402:36OTT1",Jakob Chychrun,"1ST",Ottawa Senators,2023-10-14,"20231014PHI@OTT"
"2023101402:36VAN5",Jack Studnicka,"2ND",Vancouver Canucks,2023-10-14,"20231014VAN@EDM"
"2023101402:52BOS5",James van Riemsdyk,"3RD",Boston Bruins,2023-10-14,"20231014NSH@BOS"
"2023101402:56VAN7",Sam Lafferty,"3RD",Vancouver Canucks,2023-10-14,"20231014VAN@EDM"
"2023101403:03CAR5",Brendan Lemieux,"2ND",Carolina Hurricanes,2023-10-14,"20231014CAR@LA"
"2023101403:29NSH1",Colton Sissons,"1ST",Nashville Predators,2023-10-14,"20231014NSH@BOS"
"2023101403:30WPG1",Mark Scheifele,"1ST",Winnipeg Jets,2023-10-14,"20231014FLA@WPG"
"2023101403:35TOR5",Tyler Bertuzzi,"2ND",Toronto Maple Leafs,2023-10-14,"20231014MIN@TOR"
"2023101403:54MON1",Cole Caufield,"2ND",Montreal Canadiens,2023-10-14,"20231014CHI@MON"
"2023101404:09MIN6",Matt Boldy,"2ND",Minnesota Wild,2023-10-14,"20231014MIN@TOR"
"2023101404:15BUF3",Jordan Greenway,"2ND",Buffalo Sabres,2023-10-14,"20231014BUF@NYI"
"2023101404:15CAR1",Brent Burns,"1ST",Carolina Hurricanes,2023-10-14,"20231014CAR@LA"
"2023101404:44DET8",Alex DeBrincat,"3RD",Detroit Red Wings,2023-10-14,"20231014TB@DET"
"2023101405:00CAR12",Sebastian Aho,SHO,Carolina Hurricanes,2023-10-14,"20231014CAR@LA"
"2023101405:00CAR14",Martin Necas,SHO,Carolina Hurricanes,2023-10-14,"20231014CAR@LA"
"2023101405:00CAR15",Jordan Martinook,SHO,Carolina Hurricanes,2023-10-14,"20231014CAR@LA"
"2023101405:00COL3",Mikko Rantanen,SHO,Colorado Avalanche,2023-10-14,"20231014COL@SJ"
"2023101405:00LA11",Pierre-Luc Dubois,SHO,Los Angeles Kings,2023-10-14,"20231014CAR@LA"
"2023101405:00LA13",Trevor Moore,SHO,Los Angeles Kings,2023-10-14,"20231014CAR@LA"
"2023101405:00STL3",Robert Thomas,SHO,St. Louis Blues,2023-10-14,"20231014SEA@STL"
"2023101405:11DET1",Daniel Sprong,"1ST",Detroit Red Wings,2023-10-14,"20231014TB@DET"
"2023101405:20LA6",Anze Kopitar,"2ND",Los Angeles Kings,2023-10-14,"20231014CAR@LA"
"2023101405:50PIT4",Jake Guentzel,"3RD",Pittsburgh Penguins,2023-10-14,"20231014CGY@PIT"
"2023101405:57NYI1",Brock Nelson,"1ST",New York Islanders,2023-10-14,"20231014BUF@NYI"
"2023101406:41CAR2",Sebastian Aho,"1ST",Carolina Hurricanes,2023-10-14,"20231014CAR@LA"
"2023101407:49STL2",Jordan Kyrou,"2ND",St. Louis Blues,2023-10-14,"20231014SEA@STL"
"2023101407:56MON2",Tanner Pearson,"2ND",Montreal Canadiens,2023-10-14,"20231014CHI@MON"
"2023101408:20WPG5",Morgan Barron,"2ND",Winnipeg Jets,2023-10-14,"20231014FLA@WPG"
"2023101408:42SJ1",Thomas Bordeleau,"1ST",San Jose Sharks,2023-10-14,"20231014COL@SJ"
"2023101409:25VAN2",Andrei Kuzmenko,"1ST",Vancouver Canucks,2023-10-14,"20231014VAN@EDM"
"2023101409:29EDM6",Ryan Nugent-Hopkins,"2ND",Edmonton Oilers,2023-10-14,"20231014VAN@EDM"
"2023101409:32MIN1",Ryan Hartman,"1ST",Minnesota Wild,2023-10-14,"20231014MIN@TOR"
"2023101409:36CLB2",Boone Jenner,"1ST",Columbus Blue Jackets,2023-10-14,"20231014NYR@CLB"
"2023101409:39TB9",Victor Hedman,"3RD",Tampa Bay Lightning,2023-10-14,"20231014TB@DET"
"2023101409:46TB2",Steven Stamkos,"1ST",Tampa Bay Lightning,2023-10-14,"20231014TB@DET"
"2023101409:51MIN7",Marco Rossi,"2ND",Minnesota Wild,2023-10-14,"20231014MIN@TOR"
"2023101409:54TOR8",Calle Jarnkrok,"3RD",Toronto Maple Leafs,2023-10-14,"20231014MIN@TOR"
"2023101409:55WPG6",Dylan DeMelo,"2ND",Winnipeg Jets,2023-10-14,"20231014FLA@WPG"
"2023101410:23CAR7",Teuvo Teravainen,"2ND",Carolina Hurricanes,2023-10-14,"20231014CAR@LA"
"2023101410:25TOR9",Auston Matthews,"3RD",Toronto Maple Leafs,2023-10-14,"20231014MIN@TOR"
"2023101410:47OTT2",Jakob Chychrun,"1ST",Ottawa Senators,2023-10-14,"20231014PHI@OTT"
"2023101410:53NYR6",Will Cuylle,"3RD",New York Rangers,2023-10-14,"20231014NYR@CLB"
"2023101410:53TB6",Steven Stamkos,"2ND",Tampa Bay Lightning,2023-10-14,"20231014TB@DET"
"2023101410:54TOR2",Auston Matthews,"1ST",Toronto Maple Leafs,2023-10-14,"20231014MIN@TOR"
"2023101411:24LA9",Vladislav Gavrikov,"3RD",Los Angeles Kings,2023-10-14,"20231014CAR@LA"
"2023101412:14TOR10",William Nylander,"3RD",Toronto Maple Leafs,2023-10-14,"20231014MIN@TOR"
"2023101412:30CLB4",Boone Jenner,"2ND",Columbus Blue Jackets,2023-10-14,"20231014NYR@CLB"
"2023101412:35TOR3",Auston Matthews,"1ST",Toronto Maple Leafs,2023-10-14,"20231014MIN@TOR"
"2023101412:52TB3",Brandon Hagel,"1ST",Tampa Bay Lightning,2023-10-14,"20231014TB@DET"
"2023101413:28CAR3",Jesperi Kotkaniemi,"1ST",Carolina Hurricanes,2023-10-14,"20231014CAR@LA"
"2023101413:37CLB5",David Jiricek,"2ND",Columbus Blue Jackets,2023-10-14,"20231014NYR@CLB"
"2023101413:40NYI5",Casey Cizikas,"3RD",New York Islanders,2023-10-14,"20231014BUF@NYI"
"2023101413:46LA8",Trevor Moore,"2ND",Los Angeles Kings,2023-10-14,"20231014CAR@LA"
"2023101414:14PIT5",Evgeni Malkin,"3RD",Pittsburgh Penguins,2023-10-14,"20231014CGY@PIT"
"2023101414:17WPG7",Mason Appleton,"3RD",Winnipeg Jets,2023-10-14,"20231014FLA@WPG"
"2023101414:35DET4",Alex DeBrincat,"1ST",Detroit Red Wings,2023-10-14,"20231014TB@DET"
"2023101414:46BOS3",David Pastrnak,"2ND",Boston Bruins,2023-10-14,"20231014NSH@BOS"
"2023101414:48BOS2",James van Riemsdyk,"1ST",Boston Bruins,2023-10-14,"20231014NSH@BOS"
"2023101415:23DET7",J.T. Compher,"2ND",Detroit Red Wings,2023-10-14,"20231014TB@DET"
"2023101415:54CLB7",Justin Danforth,"3RD",Columbus Blue Jackets,2023-10-14,"20231014NYR@CLB"
"2023101416:05CGY6",Jonathan Huberdeau,"3RD",Calgary Flames,2023-10-14,"20231014CGY@PIT"
"2023101416:12OTT4",Jake Sanderson,"2ND",Ottawa Senators,2023-10-14,"20231014PHI@OTT"
"2023101416:30PHI5",Cam York,"2ND",Philadelphia Flyers,2023-10-14,"20231014PHI@OTT"
"2023101416:31FLA8",Carter Verhaeghe,"3RD",Florida Panthers,2023-10-14,"20231014FLA@WPG"
"2023101416:51PHI3",Travis Konecny,"1ST",Philadelphia Flyers,2023-10-14,"20231014PHI@OTT"
"2023101416:54NSH4",Colton Sissons,"2ND",Nashville Predators,2023-10-14,"20231014NSH@BOS"
"2023101417:03FLA2",Sam Reinhart,"1ST",Florida Panthers,2023-10-14,"20231014FLA@WPG"
"2023101417:32MIN11",Brandon Duhaime,"3RD",Minnesota Wild,2023-10-14,"20231014MIN@TOR"
"2023101417:36FLA9",Evan Rodrigues,"3RD",Florida Panthers,2023-10-14,"20231014FLA@WPG"
"2023101417:38MON3",Sean Monahan,"2ND",Montreal Canadiens,2023-10-14,"20231014CHI@MON"
"2023101417:45CLB3",Boone Jenner,"1ST",Columbus Blue Jackets,2023-10-14,"20231014NYR@CLB"
"2023101417:51VAN3",Nils Hoglander,"1ST",Vancouver Canucks,2023-10-14,"20231014VAN@EDM"
"2023101418.0PIT2",Bryan Rust,"3RD",Pittsburgh Penguins,2023-10-14,"20231014CGY@PIT"
"2023101418:18NYI2",Kyle Palmieri,"1ST",New York Islanders,2023-10-14,"20231014BUF@NYI"
"2023101418:22CGY1",Matthew Coronato,"2ND",Calgary Flames,2023-10-14,"20231014CGY@PIT"
"2023101418:27LA4",Drew Doughty,"1ST",Los Angeles Kings,2023-10-14,"20231014CAR@LA"
"2023101418:34COL2",Cale Makar,"3RD",Colorado Avalanche,2023-10-14,"20231014COL@SJ"
"2023101418:38LA10",Anze Kopitar,"3RD",Los Angeles Kings,2023-10-14,"20231014CAR@LA"
"2023101418:39CHI5",Tyler Johnson,"3RD",Chicago Blackhawks,2023-10-14,"20231014CHI@MON"
"2023101418:50WPG10",Kyle Connor,"3RD",Winnipeg Jets,2023-10-14,"20231014FLA@WPG"
"2023101419:24NYR8",Chris Kreider,"3RD",New York Rangers,2023-10-14,"20231014NYR@CLB"
"2023101419:37TOR4",William Nylander,"1ST",Toronto Maple Leafs,2023-10-14,"20231014MIN@TOR"
"2023101419:38PIT7",Bryan Rust,"3RD",Pittsburgh Penguins,2023-10-14,"20231014CGY@PIT"
"2023101419:54OTT6",Brady Tkachuk,"2ND",Ottawa Senators,2023-10-14,"20231014PHI@OTT"
"2023101419:59DET10",Moritz Seider,"3RD",Detroit Red Wings,2023-10-14,"20231014TB@DET"
"2023101425.0FLA3",Evan Rodrigues,"2ND",Florida Panthers,2023-10-14,"20231014FLA@WPG"
"2023101435.0CHI4",Tyler Johnson,"3RD",Chicago Blackhawks,2023-10-14,"20231014CHI@MON"
"2023101435.0WPG4",Kyle Connor,"2ND",Winnipeg Jets,2023-10-14,"20231014FLA@WPG"
"2023101440.0SEA1",Jaden Schwartz,"2ND",Seattle Kraken,2023-10-14,"20231014SEA@STL"
"2023101441.0PIT3",Reilly Smith,"3RD",Pittsburgh Penguins,2023-10-14,"20231014CGY@PIT"
"2023101442.0EDM1",Leon Draisaitl,"1ST",Edmonton Oilers,2023-10-14,"20231014VAN@EDM"
"2023101450.0NYR1",Erik Gustafsson,"1ST",New York Rangers,2023-10-14,"20231014NYR@CLB"
"2023101501:00TB2",Anthony Cirelli,"2ND",Tampa Bay Lightning,2023-10-15,"20231015TB@OTT"
"2023101503:01CAR6",Teuvo Teravainen,"3RD",Carolina Hurricanes,2023-10-15,"20231015CAR@ANA"
"2023101506:52ANA1",Sam Carrick,"1ST",Anaheim Ducks,2023-10-15,"20231015CAR@ANA"
"2023101507:02OTT1",Vladimir Tarasenko,"1ST",Ottawa Senators,2023-10-15,"20231015TB@OTT"
"2023101508:31ANA2",Frank Vatrano,"1ST",Anaheim Ducks,2023-10-15,"20231015CAR@ANA"
"2023101508:48OTT3",Brady Tkachuk,"2ND",Ottawa Senators,2023-10-15,"20231015TB@OTT"
"2023101512:06ANA3",Pavel Mintyukov,"1ST",Anaheim Ducks,2023-10-15,"20231015CAR@ANA"
"2023101512:53OTT6",Brady Tkachuk,"3RD",Ottawa Senators,2023-10-15,"20231015TB@OTT"
"2023101513:00TB4",Tanner Jeannot,"2ND",Tampa Bay Lightning,2023-10-15,"20231015TB@OTT"
"2023101513:52CAR4",Teuvo Teravainen,"2ND",Carolina Hurricanes,2023-10-15,"20231015CAR@ANA"
"2023101515:29CAR7",Martin Necas,"3RD",Carolina Hurricanes,2023-10-15,"20231015CAR@ANA"
"2023101516:44ANA5",Frank Vatrano,"2ND",Anaheim Ducks,2023-10-15,"20231015CAR@ANA"
"2023101517:17OTT7",Tim Stutzle,"3RD",Ottawa Senators,2023-10-15,"20231015TB@OTT"
"2023101518:03ANA8",Cam Fowler,"3RD",Anaheim Ducks,2023-10-15,"20231015CAR@ANA"
"2023101518:41ANA9",Frank Vatrano,"3RD",Anaheim Ducks,2023-10-15,"20231015CAR@ANA"
"2023101519:01OTT5",Mathieu Joseph,"2ND",Ottawa Senators,2023-10-15,"20231015TB@OTT"
"2023101602:59CHI1",MacKenzie Entwistle,"2ND",Chicago Blackhawks,2023-10-16,"20231016CHI@TOR"
"2023101603:35NJ5",Erik Haula,"3RD",New Jersey Devils,2023-10-16,"20231016FLA@NJ"
"2023101603:54FLA1",Sam Reinhart,"1ST",Florida Panthers,2023-10-16,"20231016FLA@NJ"
"2023101604:47CGY1",Adam Ruzicka,"1ST",Calgary Flames,2023-10-16,"20231016CGY@WAS"
"2023101605:00ARI2",Clayton Keller,"2ND",Arizona Coyotes,2023-10-16,"20231016ARI@NYR"
"2023101605:00WAS5",Evgeny Kuznetsov,SHO,Washington Capitals,2023-10-16,"20231016CGY@WAS"
"2023101605:14TOR2",John Tavares,"2ND",Toronto Maple Leafs,2023-10-16,"20231016CHI@TOR"
"2023101606:50WAS3",Matthew Phillips,"2ND",Washington Capitals,2023-10-16,"20231016CGY@WAS"
"2023101607:45DET2",Michael Rasmussen,"2ND",Detroit Red Wings,2023-10-16,"20231016DET@CLB"
"2023101608:26NYR3",Vincent Trocheck,"3RD",New York Rangers,2023-10-16,"20231016ARI@NYR"
"2023101608:51DET1",Shayne Gostisbehere,"1ST",Detroit Red Wings,2023-10-16,"20231016DET@CLB"
"2023101608:51NJ6",Michael McLeod,"3RD",New Jersey Devils,2023-10-16,"20231016FLA@NJ"
"2023101609:54WAS4",Connor McMichael,"2ND",Washington Capitals,2023-10-16,"20231016CGY@WAS"
"2023101611:11DET3",Dylan Larkin,"2ND",Detroit Red Wings,2023-10-16,"20231016DET@CLB"
"2023101611:18FLA3",Niko Mikkola,"2ND",Florida Panthers,2023-10-16,"20231016FLA@NJ"
"2023101612:07DET4",Andrew Copp,"2ND",Detroit Red Wings,2023-10-16,"20231016DET@CLB"
"2023101613:12FLA2",Carter Verhaeghe,"1ST",Florida Panthers,2023-10-16,"20231016FLA@NJ"
"2023101614:11NYR1",Chris Kreider,"1ST",New York Rangers,2023-10-16,"20231016ARI@NYR"
"2023101614:46CHI3",Corey Perry,"2ND",Chicago Blackhawks,2023-10-16,"20231016CHI@TOR"
"2023101617:05CHI4",Tyler Johnson,"2ND",Chicago Blackhawks,2023-10-16,"20231016CHI@TOR"
"2023101617:12CGY2",Dillon Dube,"1ST",Calgary Flames,2023-10-16,"20231016CGY@WAS"
"2023101617:37NJ7",Jesper Bratt,"3RD",New Jersey Devils,2023-10-16,"20231016FLA@NJ"
"2023101619:54CHI5",Taylor Raddysh,"3RD",Chicago Blackhawks,2023-10-16,"20231016CHI@TOR"
"2023101659.0FLA4",Sam Reinhart,"3RD",Florida Panthers,2023-10-16,"20231016FLA@NJ"
"2023101701:45PHI1",Egor Zamula,"1ST",Philadelphia Flyers,2023-10-17,"20231017VAN@PHI"
"2023101701:46BUF5",Dylan Cozens,OVE,Buffalo Sabres,2023-10-17,"20231017TB@BUF"
"2023101702:08NSH5",Tommy Novak,"2ND",Nashville Predators,2023-10-17,"20231017EDM@NSH"
"2023101702:17MIN3",Joel Eriksson Ek,"2ND",Minnesota Wild,2023-10-17,"20231017MIN@MON"
"2023101702:51LA3",Arthur Kaliyev,"3RD",Los Angeles Kings,2023-10-17,"20231017LA@WPG"
"2023101703:14SJ1",Fabian Zetterlund,"1ST",San Jose Sharks,2023-10-17,"20231017CAR@SJ"
"2023101703:47NYI1",Mathew Barzal,"2ND",New York Islanders,2023-10-17,"20231017ARI@NYI"
"2023101703:50COL2",Artturi Lehkonen,"2ND",Colorado Avalanche,2023-10-17,"20231017COL@SEA"
"2023101704:06CAR2",Seth Jarvis,"1ST",Carolina Hurricanes,2023-10-17,"20231017CAR@SJ"
"2023101705:20MIN6",Joel Eriksson Ek,"3RD",Minnesota Wild,2023-10-17,"20231017MIN@MON"
"2023101707:53EDM6",Leon Draisaitl,"2ND",Edmonton Oilers,2023-10-17,"20231017EDM@NSH"
"2023101708:11EDM1",Leon Draisaitl,"1ST",Edmonton Oilers,2023-10-17,"20231017EDM@NSH"
"2023101708:54CAR3",Jaccob Slavin,"2ND",Carolina Hurricanes,2023-10-17,"20231017CAR@SJ"
"2023101708:57BUF1",Zemgus Girgensons,"1ST",Buffalo Sabres,2023-10-17,"20231017TB@BUF"
"2023101709:07CAR6",Stefan Noesen,"3RD",Carolina Hurricanes,2023-10-17,"20231017CAR@SJ"
"2023101709:11SJ4",Filip Zadina,"2ND",San Jose Sharks,2023-10-17,"20231017CAR@SJ"
"2023101709:20MIN1",Brandon Duhaime,"1ST",Minnesota Wild,2023-10-17,"20231017MIN@MON"
"2023101709:45MIN2",Connor Dewar,"1ST",Minnesota Wild,2023-10-17,"20231017MIN@MON"
"2023101709:47MON4",Tanner Pearson,"2ND",Montreal Canadiens,2023-10-17,"20231017MIN@MON"
"2023101711:01LA1",Pierre-Luc Dubois,"2ND",Los Angeles Kings,2023-10-17,"20231017LA@WPG"
"2023101711:50COL3",Logan O'Connor,"2ND",Colorado Avalanche,2023-10-17,"20231017COL@SEA"
"2023101711:51CAR7",Seth Jarvis,"3RD",Carolina Hurricanes,2023-10-17,"20231017CAR@SJ"
"2023101713:38EDM2",Zach Hyman,"1ST",Edmonton Oilers,2023-10-17,"20231017EDM@NSH"
"2023101713:45COL4",Mikko Rantanen,"3RD",Colorado Avalanche,2023-10-17,"20231017COL@SEA"
"2023101714:31LA4",Trevor Moore,"3RD",Los Angeles Kings,2023-10-17,"20231017LA@WPG"
"2023101714:53CAR8",Martin Necas,"3RD",Carolina Hurricanes,2023-10-17,"20231017CAR@SJ"
"2023101715:08CAR9",Brett Pesce,"3RD",Carolina Hurricanes,2023-10-17,"20231017CAR@SJ"
"2023101715:09SEA1",Kailer Yamamoto,"1ST",Seattle Kraken,2023-10-17,"20231017COL@SEA"
"2023101715:27EDM7",Warren Foegele,"2ND",Edmonton Oilers,2023-10-17,"20231017EDM@NSH"
"2023101715:28BUF2",Jeff Skinner,"1ST",Buffalo Sabres,2023-10-17,"20231017TB@BUF"
"2023101716:06SJ5",William Eklund,"2ND",San Jose Sharks,2023-10-17,"20231017CAR@SJ"
"2023101716:19LA2",Trevor Moore,"2ND",Los Angeles Kings,2023-10-17,"20231017LA@WPG"
"2023101716:32LA5",Phillip Danault,"3RD",Los Angeles Kings,2023-10-17,"20231017LA@WPG"
"2023101716:45EDM3",Ryan Nugent-Hopkins,"1ST",Edmonton Oilers,2023-10-17,"20231017EDM@NSH"
"2023101716:46COL5",Valeri Nichushkin,"3RD",Colorado Avalanche,2023-10-17,"20231017COL@SEA"
"2023101717:22MIN5",Kirill Kaprizov,"2ND",Minnesota Wild,2023-10-17,"20231017MIN@MON"
"2023101717:23PHI2",Sean Couturier,"1ST",Philadelphia Flyers,2023-10-17,"20231017VAN@PHI"
"2023101717:35MON7",Alex Newhook,"3RD",Montreal Canadiens,2023-10-17,"20231017MIN@MON"
"2023101717:46EDM4",Connor McDavid,"1ST",Edmonton Oilers,2023-10-17,"20231017EDM@NSH"
"2023101717:58TB3",Brandon Hagel,"2ND",Tampa Bay Lightning,2023-10-17,"20231017TB@BUF"
"2023101718:44WPG6",Mark Scheifele,"3RD",Winnipeg Jets,2023-10-17,"20231017LA@WPG"
"2023101719:53TB4",Brandon Hagel,"3RD",Tampa Bay Lightning,2023-10-17,"20231017TB@BUF"
"2023101801:47OTT4",Josh Norris,"2ND",Ottawa Senators,2023-10-18,"20231018WAS@OTT"
"2023101803:37PIT6",Erik Karlsson,"3RD",Pittsburgh Penguins,2023-10-18,"20231018PIT@DET"
"2023101804:28OTT1",Vladimir Tarasenko,"1ST",Ottawa Senators,2023-10-18,"20231018WAS@OTT"
"2023101804:47OTT5",Artem Zub,"2ND",Ottawa Senators,2023-10-18,"20231018WAS@OTT"
"2023101805:21DET3",Ben Chiarot,"2ND",Detroit Red Wings,2023-10-18,"20231018PIT@DET"
"2023101811:48OTT7",Jake Sanderson,"3RD",Ottawa Senators,2023-10-18,"20231018WAS@OTT"
"2023101812:23DET2",Alex DeBrincat,"1ST",Detroit Red Wings,2023-10-18,"20231018PIT@DET"
"2023101812:29OTT2",Josh Norris,"1ST",Ottawa Senators,2023-10-18,"20231018WAS@OTT"
"2023101813:03PIT7",Bryan Rust,"3RD",Pittsburgh Penguins,2023-10-18,"20231018PIT@DET"
"2023101815:42DET4",Andrew Copp,"2ND",Detroit Red Wings,2023-10-18,"20231018PIT@DET"
"2023101815:47OTT6",Claude Giroux,"2ND",Ottawa Senators,2023-10-18,"20231018WAS@OTT"
"2023101817:49DET5",David Perron,"2ND",Detroit Red Wings,2023-10-18,"20231018PIT@DET"
"2023101818:28DET8",Andrew Copp,"3RD",Detroit Red Wings,2023-10-18,"20231018PIT@DET"
"2023101818:49DET9",Alex DeBrincat,"3RD",Detroit Red Wings,2023-10-18,"20231018PIT@DET"
"2023101818:54WAS3",John Carlson,"1ST",Washington Capitals,2023-10-18,"20231018WAS@OTT"
"2023101853.0PIT1",Evgeni Malkin,"1ST",Pittsburgh Penguins,2023-10-18,"20231018PIT@DET"
"2023101901:01ANA4",Leo Carlsson,"3RD",Anaheim Ducks,2023-10-19,"20231019DAL@ANA"
"2023101901:02VAN3",Tyler Myers,"2ND",Vancouver Canucks,2023-10-19,"20231019VAN@TB"
"2023101901:08CAR6",Seth Jarvis,"3RD",Carolina Hurricanes,2023-10-19,"20231019CAR@SEA"
"2023101901:52CGY5",Blake Coleman,"3RD",Calgary Flames,2023-10-19,"20231019CGY@BUF"
"2023101902:09ARI6",Jason Zucker,"3RD",Arizona Coyotes,2023-10-19,"20231019ARI@STL"
"2023101902:34ARI2",Clayton Keller,"2ND",Arizona Coyotes,2023-10-19,"20231019ARI@STL"
"2023101902:38SEA5",Vince Dunn,"2ND",Seattle Kraken,2023-10-19,"20231019CAR@SEA"
"2023101902:39LA1",Carl Grundstrom,"1ST",Los Angeles Kings,2023-10-19,"20231019LA@MIN"
"2023101903:14BUF6",John-Jason Peterka,"3RD",Buffalo Sabres,2023-10-19,"20231019CGY@BUF"
"2023101903:16STL7",Sammy Blais,"3RD",St. Louis Blues,2023-10-19,"20231019ARI@STL"
"2023101903:32NSH3",Ryan O'Reilly,"2ND",Nashville Predators,2023-10-19,"20231019NSH@NYR"
"2023101903:54PHI2",Cam Atkinson,"2ND",Philadelphia Flyers,2023-10-19,"20231019EDM@PHI"
"2023101904:17PHI5",Cam Atkinson,"3RD",Philadelphia Flyers,2023-10-19,"20231019EDM@PHI"
"2023101904:35CGY7",Adam Ruzicka,"3RD",Calgary Flames,2023-10-19,"20231019CGY@BUF"
"2023101904:37ANA1",Troy Terry,"1ST",Anaheim Ducks,2023-10-19,"20231019DAL@ANA"
"2023101904:42TB6",Nikita Kucherov,"3RD",Tampa Bay Lightning,2023-10-19,"20231019VAN@TB"
"2023101905:54CAR7",Jesperi Kotkaniemi,"3RD",Carolina Hurricanes,2023-10-19,"20231019CAR@SEA"
"2023101906:06BUF2",Erik Johnson,"1ST",Buffalo Sabres,2023-10-19,"20231019CGY@BUF"
"2023101906:21MIN2",Connor Dewar,"1ST",Minnesota Wild,2023-10-19,"20231019LA@MIN"
"2023101906:47DAL5",Miro Heiskanen,"3RD",Dallas Stars,2023-10-19,"20231019DAL@ANA"
"2023101907:02STL3",Jakub Vrana,"2ND",St. Louis Blues,2023-10-19,"20231019ARI@STL"
"2023101907:16SEA1",Yanni Gourde,"1ST",Seattle Kraken,2023-10-19,"20231019CAR@SEA"
"2023101907:35CAR2",Jesper Fast,"1ST",Carolina Hurricanes,2023-10-19,"20231019CAR@SEA"
"2023101907:44ARI4",Michael Carcone,"2ND",Arizona Coyotes,2023-10-19,"20231019ARI@STL"
"2023101908:00MIN3",Kirill Kaprizov,"1ST",Minnesota Wild,2023-10-19,"20231019LA@MIN"
"2023101908:40COL4",Nathan MacKinnon,"3RD",Colorado Avalanche,2023-10-19,"20231019CHI@COL"
"2023101910:03DAL2",Roope Hintz,"2ND",Dallas Stars,2023-10-19,"20231019DAL@ANA"
"2023101910:13LA7",Trevor Moore,"3RD",Los Angeles Kings,2023-10-19,"20231019LA@MIN"
"2023101910:15CGY3",Walker Duehr,"1ST",Calgary Flames,2023-10-19,"20231019CGY@BUF"
"2023101911:10TB1",Nick Paul,"1ST",Tampa Bay Lightning,2023-10-19,"20231019VAN@TB"
"2023101911:13SJ4",Anthony Duclair,"3RD",San Jose Sharks,2023-10-19,"20231019BOS@SJ"
"2023101911:24NSH1",Cole Smith,"1ST",Nashville Predators,2023-10-19,"20231019NSH@NYR"
"2023101911:46COL1",Logan O'Connor,"1ST",Colorado Avalanche,2023-10-19,"20231019CHI@COL"
"2023101911:52SEA8",Jared McCann,"3RD",Seattle Kraken,2023-10-19,"20231019CAR@SEA"
"2023101911:52TOR3",Mitchell Marner,"2ND",Toronto Maple Leafs,2023-10-19,"20231019TOR@FLA"
"2023101912:13SEA9",Tye Kartye,"3RD",Seattle Kraken,2023-10-19,"20231019CAR@SEA"
"2023101912:18SEA3",Jaden Schwartz,"1ST",Seattle Kraken,2023-10-19,"20231019CAR@SEA"
"2023101913:18COL3",Devon Toews,"2ND",Colorado Avalanche,2023-10-19,"20231019CHI@COL"
"2023101913:51NSH4",Filip Forsberg,"2ND",Nashville Predators,2023-10-19,"20231019NSH@NYR"
"2023101913:58ARI5",Nick Schmaltz,"2ND",Arizona Coyotes,2023-10-19,"20231019ARI@STL"
"2023101914.0VAN2",Brock Boeser,"2ND",Vancouver Canucks,2023-10-19,"20231019VAN@TB"
"2023101914:28BUF4",Tage Thompson,"1ST",Buffalo Sabres,2023-10-19,"20231019CGY@BUF"
"2023101914:38MIN8",Joel Eriksson Ek,"3RD",Minnesota Wild,2023-10-19,"20231019LA@MIN"
"2023101914:42ARI1",Nick Bjugstad,"1ST",Arizona Coyotes,2023-10-19,"20231019ARI@STL"
"2023101915:23EDM3",Zach Hyman,"2ND",Edmonton Oilers,2023-10-19,"20231019EDM@PHI"
"2023101915:43TB4",Mikey Eyssimont,"2ND",Tampa Bay Lightning,2023-10-19,"20231019VAN@TB"
"2023101915:46LA4",Vladislav Gavrikov,"1ST",Los Angeles Kings,2023-10-19,"20231019LA@MIN"
"2023101915:50PHI1",Joel Farabee,"1ST",Philadelphia Flyers,2023-10-19,"20231019EDM@PHI"
"2023101915:56CAR10",Seth Jarvis,"3RD",Carolina Hurricanes,2023-10-19,"20231019CAR@SEA"
"2023101916:22NSH2",Cole Smith,"1ST",Nashville Predators,2023-10-19,"20231019NSH@NYR"
"2023101916:46BOS3",David Pastrnak,"2ND",Boston Bruins,2023-10-19,"20231019BOS@SJ"
"2023101916:51SEA11",Oliver Bjorkstrand,"3RD",Seattle Kraken,2023-10-19,"20231019CAR@SEA"
"2023101916:52TB5",Nikita Kucherov,"2ND",Tampa Bay Lightning,2023-10-19,"20231019VAN@TB"
"2023101916:59ARI8",Sean Durzi,"3RD",Arizona Coyotes,2023-10-19,"20231019ARI@STL"
"2023101917:08FLA1",Kevin Stenlund,"1ST",Florida Panthers,2023-10-19,"20231019TOR@FLA"
"2023101917:41LA9",Adrian Kempe,"3RD",Los Angeles Kings,2023-10-19,"20231019LA@MIN"
"2023101918:06BOS1",Brad Marchand,"1ST",Boston Bruins,2023-10-19,"20231019BOS@SJ"
"2023101918:06DAL3",Joe Pavelski,"2ND",Dallas Stars,2023-10-19,"20231019DAL@ANA"
"2023101918:11VAN7",J.T. Miller,"3RD",Vancouver Canucks,2023-10-19,"20231019VAN@TB"
"2023101918:27BOS2",James van Riemsdyk,"1ST",Boston Bruins,2023-10-19,"20231019BOS@SJ"
"2023101918:29PHI4",Sean Walker,"2ND",Philadelphia Flyers,2023-10-19,"20231019EDM@PHI"
"2023101918:41COL2",Ryan Johansen,"1ST",Colorado Avalanche,2023-10-19,"20231019CHI@COL"
"2023101918:52LA10",Blake Lizotte,"3RD",Los Angeles Kings,2023-10-19,"20231019LA@MIN"
"2023101919:02LA5",Pierre-Luc Dubois,"1ST",Los Angeles Kings,2023-10-19,"20231019LA@MIN"
"2023101919:14LA6",Pierre-Luc Dubois,"1ST",Los Angeles Kings,2023-10-19,"20231019LA@MIN"
"2023101919:18NYR5",Adam Fox,"2ND",New York Rangers,2023-10-19,"20231019NSH@NYR"
"2023101919:22SEA4",Pierre-Edouard Bellemare,"1ST",Seattle Kraken,2023-10-19,"20231019CAR@SEA"
"2023101919:53FLA2",Oliver Ekman-Larsson,"1ST",Florida Panthers,2023-10-19,"20231019TOR@FLA"
"2023101919:59FLA4",Sam Reinhart,"3RD",Florida Panthers,2023-10-19,"20231019TOR@FLA"
"2023101949.0CGY1",Jonathan Huberdeau,"1ST",Calgary Flames,2023-10-19,"20231019CGY@BUF"
"2023102001:37NYI4",Brock Nelson,"2ND",New York Islanders,2023-10-20,"20231020NJ@NYI"
"2023102002:19NJ9",Jack Hughes,OVE,New Jersey Devils,2023-10-20,"20231020NJ@NYI"
"2023102002:36NJ5",Luke Hughes,"2ND",New Jersey Devils,2023-10-20,"20231020NJ@NYI"
"2023102004:30NJ7",Jack Hughes,"3RD",New Jersey Devils,2023-10-20,"20231020NJ@NYI"
"2023102006:10NYI6",Bo Horvat,"2ND",New York Islanders,2023-10-20,"20231020NJ@NYI"
"2023102006:29CLB1",Sean Kuraly,"2ND",Columbus Blue Jackets,2023-10-20,"20231020CGY@CLB"
"2023102008:45CLB2",Justin Danforth,"3RD",Columbus Blue Jackets,2023-10-20,"20231020CGY@CLB"
"2023102010:37CGY3",Elias Lindholm,"3RD",Calgary Flames,2023-10-20,"20231020CGY@CLB"
"2023102012:35NYI1",Brock Nelson,"1ST",New York Islanders,2023-10-20,"20231020NJ@NYI"
"2023102017:39CLB4",Zach Werenski,"3RD",Columbus Blue Jackets,2023-10-20,"20231020CGY@CLB"
"2023102018:49NYI8",Bo Horvat,"3RD",New York Islanders,2023-10-20,"20231020NJ@NYI"
"2023102019:00NJ2",Dougie Hamilton,"1ST",New Jersey Devils,2023-10-20,"20231020NJ@NYI"
"2023102021.0NJ3",Tyler Toffoli,"2ND",New Jersey Devils,2023-10-20,"20231020NJ@NYI"
"2023102101:25EDM1",Darnell Nurse,"1ST",Edmonton Oilers,2023-10-21,"20231021WPG@EDM"
"2023102101:57COL3",Logan O'Connor,"2ND",Colorado Avalanche,2023-10-21,"20231021CAR@COL"
"2023102102:06NSH2",Tommy Novak,"2ND",Nashville Predators,2023-10-21,"20231021SJ@NSH"
"2023102102:13DAL9",Joe Pavelski,OVE,Dallas Stars,2023-10-21,"20231021PHI@DAL"
"2023102102:18NSH3",Kiefer Sherwood,"2ND",Nashville Predators,2023-10-21,"20231021SJ@NSH"
"2023102102:40BUF3",Dylan Cozens,"3RD",Buffalo Sabres,2023-10-21,"20231021NYI@BUF"
"2023102102:47NSH4",Tommy Novak,"3RD",Nashville Predators,2023-10-21,"20231021SJ@NSH"
"2023102103:07CLB9",Jack Roslovic,OVE,Columbus Blue Jackets,2023-10-21,"20231021CLB@MIN"
"2023102103:53WPG5",Mark Scheifele,OVE,Winnipeg Jets,2023-10-21,"20231021WPG@EDM"
"2023102104:02DAL1",Wyatt Johnston,"1ST",Dallas Stars,2023-10-21,"20231021PHI@DAL"
"2023102104:05TOR7",John Tavares,OVE,Toronto Maple Leafs,2023-10-21,"20231021TOR@TB"
"2023102104:16TOR1",William Nylander,"1ST",Toronto Maple Leafs,2023-10-21,"20231021TOR@TB"
"2023102104:18DET3",Joseph Veleno,"2ND",Detroit Red Wings,2023-10-21,"20231021DET@OTT"
"2023102104:42MIN5",Jonas Brodin,"3RD",Minnesota Wild,2023-10-21,"20231021CLB@MIN"
"2023102105:30NYR5",Artemi Panarin,"3RD",New York Rangers,2023-10-21,"20231021NYR@SEA"
"2023102105:39STL3",Jake Neighbours,"2ND",St. Louis Blues,2023-10-21,"20231021PIT@STL"
"2023102106:10CLB2",Kent Johnson,"2ND",Columbus Blue Jackets,2023-10-21,"20231021CLB@MIN"
"2023102106:10FLA5",Sam Reinhart,"3RD",Florida Panthers,2023-10-21,"20231021VAN@FLA"
"2023102106:11EDM2",Evan Bouchard,"1ST",Edmonton Oilers,2023-10-21,"20231021WPG@EDM"
"2023102106:26TB2",Nikita Kucherov,"1ST",Tampa Bay Lightning,2023-10-21,"20231021TOR@TB"
"2023102106:28LA2",Alex Laferriere,"2ND",Los Angeles Kings,2023-10-21,"20231021BOS@LA"
"2023102107:12STL4",Colton Parayko,"2ND",St. Louis Blues,2023-10-21,"20231021PIT@STL"
"2023102107:21MIN3",Dakota Mermis,"2ND",Minnesota Wild,2023-10-21,"20231021CLB@MIN"
"2023102107:23DET6",Joseph Veleno,"3RD",Detroit Red Wings,2023-10-21,"20231021DET@OTT"
"2023102107:36CLB6",Boone Jenner,"3RD",Columbus Blue Jackets,2023-10-21,"20231021CLB@MIN"
"2023102107:47ANA3",Frank Vatrano,"3RD",Anaheim Ducks,2023-10-21,"20231021ANA@ARI"
"2023102107:52DAL2",Tyler Seguin,"1ST",Dallas Stars,2023-10-21,"20231021PHI@DAL"
"2023102108:15MIN4",Mats Zuccarello,"2ND",Minnesota Wild,2023-10-21,"20231021CLB@MIN"
"2023102108:41SEA1",Justin Schultz,"1ST",Seattle Kraken,2023-10-21,"20231021NYR@SEA"
"2023102108:49OTT7",Ridly Greig,"3RD",Ottawa Senators,2023-10-21,"20231021DET@OTT"
"2023102108:55CLB1",Justin Danforth,"1ST",Columbus Blue Jackets,2023-10-21,"20231021CLB@MIN"
"2023102109:17CAR4",Brent Burns,"2ND",Carolina Hurricanes,2023-10-21,"20231021CAR@COL"
"2023102109:33STL1",Brandon Saad,"1ST",St. Louis Blues,2023-10-21,"20231021PIT@STL"
"2023102109:50MON2",Brendan Gallagher,"2ND",Montreal Canadiens,2023-10-21,"20231021WAS@MON"
"2023102110:04TB3",Alex Barre-Boulet,"1ST",Tampa Bay Lightning,2023-10-21,"20231021TOR@TB"
"2023102110:12PHI3",Joel Farabee,"1ST",Philadelphia Flyers,2023-10-21,"20231021PHI@DAL"
"2023102110:18WPG3",Josh Morrissey,"1ST",Winnipeg Jets,2023-10-21,"20231021WPG@EDM"
"2023102110:33SJ5",Tomas Hertl,"3RD",San Jose Sharks,2023-10-21,"20231021SJ@NSH"
"2023102110:36DAL6",Jamie Benn,"3RD",Dallas Stars,2023-10-21,"20231021PHI@DAL"
"2023102110:41VAN3",Carson Soucy,"2ND",Vancouver Canucks,2023-10-21,"20231021VAN@FLA"
"2023102110:42CAR5",Michael Bunting,"2ND",Carolina Hurricanes,2023-10-21,"20231021CAR@COL"
"2023102111:09VAN1",Quinn Hughes,"1ST",Vancouver Canucks,2023-10-21,"20231021VAN@FLA"
"2023102111:15VAN4",Elias Pettersson,"2ND",Vancouver Canucks,2023-10-21,"20231021VAN@FLA"
"2023102111:25WAS3",Dylan Strome,"3RD",Washington Capitals,2023-10-21,"20231021WAS@MON"
"2023102111:29FLA2",Aleksander Barkov,"1ST",Florida Panthers,2023-10-21,"20231021VAN@FLA"
"2023102111:58PHI7",Travis Konecny,"3RD",Philadelphia Flyers,2023-10-21,"20231021PHI@DAL"
"2023102112:11TOR5",Matthew Knies,"3RD",Toronto Maple Leafs,2023-10-21,"20231021TOR@TB"
"2023102112:15NYR2",Artemi Panarin,"1ST",New York Rangers,2023-10-21,"20231021NYR@SEA"
"2023102112:21COL6",Frederik Olofsson,"2ND",Colorado Avalanche,2023-10-21,"20231021CAR@COL"
"2023102112:26CAR10",Jaccob Slavin,"3RD",Carolina Hurricanes,2023-10-21,"20231021CAR@COL"
"2023102112:45PHI8",Sean Walker,"3RD",Philadelphia Flyers,2023-10-21,"20231021PHI@DAL"
"2023102113:02NYR3",Kaapo Kakko,"2ND",New York Rangers,2023-10-21,"20231021NYR@SEA"
"2023102113:10BOS1",David Pastrnak,"1ST",Boston Bruins,2023-10-21,"20231021BOS@LA"
"2023102113:26NSH6",Luke Evangelista,"3RD",Nashville Predators,2023-10-21,"20231021SJ@NSH"
"2023102113:29TB4",Nikita Kucherov,"1ST",Tampa Bay Lightning,2023-10-21,"20231021TOR@TB"
"2023102114:01ARI2",Clayton Keller,"2ND",Arizona Coyotes,2023-10-21,"20231021ANA@ARI"
"2023102114:01FLA6",Sam Reinhart,"3RD",Florida Panthers,2023-10-21,"20231021VAN@FLA"
"2023102114:10COL7",Artturi Lehkonen,"2ND",Colorado Avalanche,2023-10-21,"20231021CAR@COL"
"2023102114:33TOR6",Matthew Knies,"3RD",Toronto Maple Leafs,2023-10-21,"20231021TOR@TB"
"2023102114:41CLB7",Adam Fantilli,"3RD",Columbus Blue Jackets,2023-10-21,"20231021CLB@MIN"
"2023102114:45BOS3",Morgan Geekie,"2ND",Boston Bruins,2023-10-21,"20231021BOS@LA"
"2023102114:54DET4",David Perron,"2ND",Detroit Red Wings,2023-10-21,"20231021DET@OTT"
"2023102115:03VAN7",Andrei Kuzmenko,"3RD",Vancouver Canucks,2023-10-21,"20231021VAN@FLA"
"2023102115:13STL5",Brandon Saad,"3RD",St. Louis Blues,2023-10-21,"20231021PIT@STL"
"2023102115:33BOS4",Brad Marchand,"2ND",Boston Bruins,2023-10-21,"20231021BOS@LA"
"2023102115:57COL8",Nathan MacKinnon,"2ND",Colorado Avalanche,2023-10-21,"20231021CAR@COL"
"2023102116:09CAR1",Jesperi Kotkaniemi,"1ST",Carolina Hurricanes,2023-10-21,"20231021CAR@COL"
"2023102116:27PIT6",Radim Zohorna,"3RD",Pittsburgh Penguins,2023-10-21,"20231021PIT@STL"
"2023102116:36PHI4",Travis Konecny,"1ST",Philadelphia Flyers,2023-10-21,"20231021PHI@DAL"
"2023102116:37BUF1",Jeff Skinner,"2ND",Buffalo Sabres,2023-10-21,"20231021NYI@BUF"
"2023102116:54OTT1",Jake Sanderson,"1ST",Ottawa Senators,2023-10-21,"20231021DET@OTT"
"2023102117:01MIN8",Marcus Johansson,"3RD",Minnesota Wild,2023-10-21,"20231021CLB@MIN"
"2023102117:15NSH1",Samuel Fagemo,"1ST",Nashville Predators,2023-10-21,"20231021SJ@NSH"
"2023102117:41ARI1",Jason Zucker,"1ST",Arizona Coyotes,2023-10-21,"20231021ANA@ARI"
"2023102117:48BOS5",Brad Marchand,"3RD",Boston Bruins,2023-10-21,"20231021BOS@LA"
"2023102117:50VAN8",Brock Boeser,"3RD",Vancouver Canucks,2023-10-21,"20231021VAN@FLA"
"2023102117:59NYR4",Alexis Lafreniere,"2ND",New York Rangers,2023-10-21,"20231021NYR@SEA"
"2023102117:59WAS4",Dylan Strome,"3RD",Washington Capitals,2023-10-21,"20231021WAS@MON"
"2023102118:15DET2",Shayne Gostisbehere,"1ST",Detroit Red Wings,2023-10-21,"20231021DET@OTT"
"2023102118:21WPG4",Vladislav Namestnikov,"2ND",Winnipeg Jets,2023-10-21,"20231021WPG@EDM"
"2023102118:39NYI4",Noah Dobson,"3RD",New York Islanders,2023-10-21,"20231021NYI@BUF"
"2023102118:50LA6",Carl Grundstrom,"3RD",Los Angeles Kings,2023-10-21,"20231021BOS@LA"
"2023102118:55MON1",Sean Monahan,"1ST",Montreal Canadiens,2023-10-21,"20231021WAS@MON"
"2023102119:23BUF2",Mattias Samuelsson,"2ND",Buffalo Sabres,2023-10-21,"20231021NYI@BUF"
"2023102119:35COL9",Mikko Rantanen,"2ND",Colorado Avalanche,2023-10-21,"20231021CAR@COL"
"2023102119:54COL2",Ryan Johansen,"1ST",Colorado Avalanche,2023-10-21,"20231021CAR@COL"
"2023102119:55PIT2",Evgeni Malkin,"1ST",Pittsburgh Penguins,2023-10-21,"20231021PIT@STL"
"2023102128.0DET5",Dylan Larkin,"3RD",Detroit Red Wings,2023-10-21,"20231021DET@OTT"
"2023102130.0DAL5",Roope Hintz,"2ND",Dallas Stars,2023-10-21,"20231021PHI@DAL"
"2023102147.0MON5",Cole Caufield,OVE,Montreal Canadiens,2023-10-21,"20231021WAS@MON"
"2023102201:59DET1",Alex DeBrincat,"1ST",Detroit Red Wings,2023-10-22,"20231022CGY@DET"
"2023102202:00DET3",Dylan Larkin,"2ND",Detroit Red Wings,2023-10-22,"20231022CGY@DET"
"2023102203:07DET7",Jake Walman,"3RD",Detroit Red Wings,2023-10-22,"20231022CGY@DET"
"2023102203:44DET8",Alex DeBrincat,"3RD",Detroit Red Wings,2023-10-22,"20231022CGY@DET"
"2023102205:05ANA1",Mason McTavish,"3RD",Anaheim Ducks,2023-10-22,"20231022BOS@ANA"
"2023102206:29BOS2",Matthew Poitras,"3RD",Boston Bruins,2023-10-22,"20231022BOS@ANA"
"2023102209:44DET2",Joseph Veleno,"1ST",Detroit Red Wings,2023-10-22,"20231022CGY@DET"
"2023102210:20BOS3",Matthew Poitras,"3RD",Boston Bruins,2023-10-22,"20231022BOS@ANA"
"2023102212:12CGY4",Andrew Mangiapane,"2ND",Calgary Flames,2023-10-22,"20231022CGY@DET"
"2023102213:33DET5",Alex DeBrincat,"2ND",Detroit Red Wings,2023-10-22,"20231022CGY@DET"
"2023102217:26BOS4",Brad Marchand,"3RD",Boston Bruins,2023-10-22,"20231022BOS@ANA"
"2023102218:34CGY6",Yegor Sharangovich,"2ND",Calgary Flames,2023-10-22,"20231022CGY@DET"
"2023102302:56MON1",Justin Barron,"1ST",Montreal Canadiens,2023-10-23,"20231023MON@BUF"
"2023102303:31MON3",Brendan Gallagher,"3RD",Montreal Canadiens,2023-10-23,"20231023MON@BUF"
"2023102307:13BUF2",Jeff Skinner,"1ST",Buffalo Sabres,2023-10-23,"20231023MON@BUF"
"2023102316:53MON4",Tanner Pearson,"3RD",Montreal Canadiens,2023-10-23,"20231023MON@BUF"
"2023102401:07DET1",Joseph Veleno,"2ND",Detroit Red Wings,2023-10-24,"20231024SEA@DET"
"2023102401:15CGY1",Blake Coleman,"1ST",Calgary Flames,2023-10-24,"20231024NYR@CGY"
"2023102402:10DET5",Shayne Gostisbehere,"3RD",Detroit Red Wings,2023-10-24,"20231024SEA@DET"
"2023102402:20ANA5",Frank Vatrano,OVE,Anaheim Ducks,2023-10-24,"20231024ANA@CLB"
"2023102402:55WPG1",David Gustafsson,"2ND",Winnipeg Jets,2023-10-24,"20231024STL@WPG"
"2023102402:56NYI4",Kyle Palmieri,"2ND",New York Islanders,2023-10-24,"20231024COL@NYI"
"2023102402:59ARI1",Jack McBain,"1ST",Arizona Coyotes,2023-10-24,"20231024ARI@LA"
"2023102403:11VAN4",Nils Hoglander,"2ND",Vancouver Canucks,2023-10-24,"20231024VAN@NSH"
"2023102403:13WPG2",Mason Appleton,"2ND",Winnipeg Jets,2023-10-24,"20231024STL@WPG"
"2023102403:50BOS1",Pavel Zacha,"2ND",Boston Bruins,2023-10-24,"20231024BOS@CHI"
"2023102404:04BUF3",Jeff Skinner,"2ND",Buffalo Sabres,2023-10-24,"20231024BUF@OTT"
"2023102404:06BOS2",Matthew Poitras,"3RD",Boston Bruins,2023-10-24,"20231024BOS@CHI"
"2023102404:10WPG4",Kyle Connor,"3RD",Winnipeg Jets,2023-10-24,"20231024STL@WPG"
"2023102404:29VAN1",Ilya Mikheyev,"1ST",Vancouver Canucks,2023-10-24,"20231024VAN@NSH"
"2023102404:38DET6",Dylan Larkin,"3RD",Detroit Red Wings,2023-10-24,"20231024SEA@DET"
"2023102404:40NYI8",Anders Lee,"3RD",New York Islanders,2023-10-24,"20231024COL@NYI"
"2023102404:55SEA9",Jordan Eberle,OVE,Seattle Kraken,2023-10-24,"20231024SEA@DET"
"2023102405:02BOS3",Trent Frederic,"3RD",Boston Bruins,2023-10-24,"20231024BOS@CHI"
"2023102405:16SEA2",Jaden Schwartz,"2ND",Seattle Kraken,2023-10-24,"20231024SEA@DET"
"2023102405:19COL1",Ryan Johansen,"1ST",Colorado Avalanche,2023-10-24,"20231024COL@NYI"
"2023102405:22DAL4",Thomas Harley,"3RD",Dallas Stars,2023-10-24,"20231024DAL@PIT"
"2023102405:35LA8",Kevin Fiala,"3RD",Los Angeles Kings,2023-10-24,"20231024ARI@LA"
"2023102405:41TOR2",John Tavares,"2ND",Toronto Maple Leafs,2023-10-24,"20231024TOR@WAS"
"2023102405:49MON1",Justin Barron,"1ST",Montreal Canadiens,2023-10-24,"20231024NJ@MON"
"2023102405:55NYI5",Simon Holmstrom,"2ND",New York Islanders,2023-10-24,"20231024COL@NYI"
"2023102406:17ARI5",Nick Bjugstad,"2ND",Arizona Coyotes,2023-10-24,"20231024ARI@LA"
"2023102406:29TOR3",William Nylander,"2ND",Toronto Maple Leafs,2023-10-24,"20231024TOR@WAS"
"2023102406:48MIN7",Mats Zuccarello,"3RD",Minnesota Wild,2023-10-24,"20231024EDM@MIN"
"2023102407:17NJ5",Tyler Toffoli,"3RD",New Jersey Devils,2023-10-24,"20231024NJ@MON"
"2023102407:37DAL2",Jason Robertson,"2ND",Dallas Stars,2023-10-24,"20231024DAL@PIT"
"2023102407:38NYR2",Alexis Lafreniere,"2ND",New York Rangers,2023-10-24,"20231024NYR@CGY"
"2023102407:39LA6",Blake Lizotte,"2ND",Los Angeles Kings,2023-10-24,"20231024ARI@LA"
"2023102407:47COL9",Mikko Rantanen,"3RD",Colorado Avalanche,2023-10-24,"20231024COL@NYI"
"2023102407:47MIN2",Marco Rossi,"1ST",Minnesota Wild,2023-10-24,"20231024EDM@MIN"
"2023102408:06BUF1",Jeff Skinner,"1ST",Buffalo Sabres,2023-10-24,"20231024BUF@OTT"
"2023102408:13LA2",Anze Kopitar,"1ST",Los Angeles Kings,2023-10-24,"20231024ARI@LA"
"2023102408:30SJ1",Fabian Zetterlund,"2ND",San Jose Sharks,2023-10-24,"20231024SJ@FLA"
"2023102409:13CLB3",Adam Fantilli,"3RD",Columbus Blue Jackets,2023-10-24,"20231024ANA@CLB"
"2023102409:18NSH5",Kiefer Sherwood,"2ND",Nashville Predators,2023-10-24,"20231024VAN@NSH"
"2023102409:48FLA2",Carter Verhaeghe,"2ND",Florida Panthers,2023-10-24,"20231024SJ@FLA"
"2023102410:03NYI2",Cal Clutterbuck,"1ST",New York Islanders,2023-10-24,"20231024COL@NYI"
"2023102410:26DET7",Alex DeBrincat,"3RD",Detroit Red Wings,2023-10-24,"20231024SEA@DET"
"2023102410:28MIN8",Joel Eriksson Ek,"3RD",Minnesota Wild,2023-10-24,"20231024EDM@MIN"
"2023102410:35LA3",Trevor Lewis,"1ST",Los Angeles Kings,2023-10-24,"20231024ARI@LA"
"2023102410:35MON6",Mike Matheson,"3RD",Montreal Canadiens,2023-10-24,"20231024NJ@MON"
"2023102411:20BUF2",Zemgus Girgensons,"1ST",Buffalo Sabres,2023-10-24,"20231024BUF@OTT"
"2023102412:34LA4",Trevor Moore,"1ST",Los Angeles Kings,2023-10-24,"20231024ARI@LA"
"2023102412:52COL3",Cale Makar,"1ST",Colorado Avalanche,2023-10-24,"20231024COL@NYI"
"2023102412:53TOR1",Morgan Rielly,"1ST",Toronto Maple Leafs,2023-10-24,"20231024TOR@WAS"
"2023102412:55EDM9",Evander Kane,"3RD",Edmonton Oilers,2023-10-24,"20231024EDM@MIN"
"2023102413:14OTT4",Jakob Chychrun,"2ND",Ottawa Senators,2023-10-24,"20231024BUF@OTT"
"2023102413:24NJ2",Alexander Holtz,"1ST",New Jersey Devils,2023-10-24,"20231024NJ@MON"
"2023102413:51DAL5",Wyatt Johnston,"3RD",Dallas Stars,2023-10-24,"20231024DAL@PIT"
"2023102414:09NYR3",Chris Kreider,"2ND",New York Rangers,2023-10-24,"20231024NYR@CGY"
"2023102415:07TOR4",Auston Matthews,"2ND",Toronto Maple Leafs,2023-10-24,"20231024TOR@WAS"
"2023102415:23FLA3",Sam Reinhart,"2ND",Florida Panthers,2023-10-24,"20231024SJ@FLA"
"2023102415:35OTT7",Vladimir Tarasenko,"3RD",Ottawa Senators,2023-10-24,"20231024BUF@OTT"
"2023102415:38NSH2",Colton Sissons,"1ST",Nashville Predators,2023-10-24,"20231024VAN@NSH"
"2023102415:49ANA2",Ryan Strome,"2ND",Anaheim Ducks,2023-10-24,"20231024ANA@CLB"
"2023102415:50MIN10",Ryan Hartman,"3RD",Minnesota Wild,2023-10-24,"20231024EDM@MIN"
"2023102416:03DAL3",Evgenii Dadonov,"2ND",Dallas Stars,2023-10-24,"20231024DAL@PIT"
"2023102416:13ANA4",Brett Leason,"3RD",Anaheim Ducks,2023-10-24,"20231024ANA@CLB"
"2023102416:37MIN11",Marcus Foligno,"3RD",Minnesota Wild,2023-10-24,"20231024EDM@MIN"
"2023102416:37STL5",Robert Thomas,"3RD",St. Louis Blues,2023-10-24,"20231024STL@WPG"
"2023102416:49CLB1",Emil Bemstrom,"1ST",Columbus Blue Jackets,2023-10-24,"20231024ANA@CLB"
"2023102416:53NYR4",Erik Gustafsson,"2ND",New York Rangers,2023-10-24,"20231024NYR@CGY"
"2023102417:04TB3",Nick Paul,"3RD",Tampa Bay Lightning,2023-10-24,"20231024CAR@TB"
"2023102417:08BUF5",Alex Tuch,"2ND",Buffalo Sabres,2023-10-24,"20231024BUF@OTT"
"2023102417:28ARI7",Clayton Keller,"2ND",Arizona Coyotes,2023-10-24,"20231024ARI@LA"
"2023102417:51TB2",Alex Barre-Boulet,"2ND",Tampa Bay Lightning,2023-10-24,"20231024CAR@TB"
"2023102417:54SEA3",Jaden Schwartz,"2ND",Seattle Kraken,2023-10-24,"20231024SEA@DET"
"2023102418:22NJ3",Tyler Toffoli,"2ND",New Jersey Devils,2023-10-24,"20231024NJ@MON"
"2023102418:25STL3",Pavel Buchnevich,"2ND",St. Louis Blues,2023-10-24,"20231024STL@WPG"
"2023102418:27EDM3",Warren Foegele,"1ST",Edmonton Oilers,2023-10-24,"20231024EDM@MIN"
"2023102418:38OTT8",Josh Norris,"3RD",Ottawa Senators,2023-10-24,"20231024BUF@OTT"
"2023102418:38SEA8",Jared McCann,"3RD",Seattle Kraken,2023-10-24,"20231024SEA@DET"
"2023102418:48BUF6",Tage Thompson,"2ND",Buffalo Sabres,2023-10-24,"20231024BUF@OTT"
"2023102418:50WPG6",Morgan Barron,"3RD",Winnipeg Jets,2023-10-24,"20231024STL@WPG"
"2023102418:58OTT9",Mathieu Joseph,"3RD",Ottawa Senators,2023-10-24,"20231024BUF@OTT"
"2023102419:00COL10",Ryan Johansen,"3RD",Colorado Avalanche,2023-10-24,"20231024COL@NYI"
"2023102419:01MIN4",Ryan Hartman,"1ST",Minnesota Wild,2023-10-24,"20231024EDM@MIN"
"2023102419:04SEA4",Tye Kartye,"2ND",Seattle Kraken,2023-10-24,"20231024SEA@DET"
"2023102419:06TB1",Brayden Point,"1ST",Tampa Bay Lightning,2023-10-24,"20231024CAR@TB"
"2023102419:18COL6",Bowen Byram,"2ND",Colorado Avalanche,2023-10-24,"20231024COL@NYI"
"2023102419:22PIT1",Bryan Rust,"1ST",Pittsburgh Penguins,2023-10-24,"20231024DAL@PIT"
"2023102419:23LA9",Adrian Kempe,"3RD",Los Angeles Kings,2023-10-24,"20231024ARI@LA"
"2023102419:29COL11",Ross Colton,"3RD",Colorado Avalanche,2023-10-24,"20231024COL@NYI"
"2023102419:31COL7",Nathan MacKinnon,"2ND",Colorado Avalanche,2023-10-24,"20231024COL@NYI"
"2023102419:34NJ7",Tyler Toffoli,"3RD",New Jersey Devils,2023-10-24,"20231024NJ@MON"
"2023102419:37BUF10",Tage Thompson,"3RD",Buffalo Sabres,2023-10-24,"20231024BUF@OTT"
"2023102419:49WAS5",Alex Ovechkin,"2ND",Washington Capitals,2023-10-24,"20231024TOR@WAS"
"2023102419:58FLA4",Kevin Stenlund,"3RD",Florida Panthers,2023-10-24,"20231024SJ@FLA"
"2023102422.0VAN3",Phillip Di Giuseppe,"2ND",Vancouver Canucks,2023-10-24,"20231024VAN@NSH"
"2023102432.0EDM5",Warren Foegele,"2ND",Edmonton Oilers,2023-10-24,"20231024EDM@MIN"
"2023102434.0NJ4",Nico Hischier,"3RD",New Jersey Devils,2023-10-24,"20231024NJ@MON"
"2023102438.0MIN6",Ryan Hartman,"3RD",Minnesota Wild,2023-10-24,"20231024EDM@MIN"
"2023102454.0EDM1",Evan Bouchard,"1ST",Edmonton Oilers,2023-10-24,"20231024EDM@MIN"
"2023102502:09WAS9",Connor McMichael,"3RD",Washington Capitals,2023-10-25,"20231025WAS@NJ"
"2023102504:31NJ4",Tyler Toffoli,"2ND",New Jersey Devils,2023-10-25,"20231025WAS@NJ"
"2023102505:19NJ5",Timo Meier,"2ND",New Jersey Devils,2023-10-25,"20231025WAS@NJ"
"2023102506:37WAS1",Anthony Mantha,"1ST",Washington Capitals,2023-10-25,"20231025WAS@NJ"
"2023102506:42NJ6",Nico Hischier,"2ND",New Jersey Devils,2023-10-25,"20231025WAS@NJ"
"2023102510:01NJ7",Tyler Toffoli,"2ND",New Jersey Devils,2023-10-25,"20231025WAS@NJ"
"2023102515:52WAS2",Dylan Strome,"1ST",Washington Capitals,2023-10-25,"20231025WAS@NJ"
"2023102517:28WAS3",Sonny Milano,"1ST",Washington Capitals,2023-10-25,"20231025WAS@NJ"
"2023102518.0WAS8",Dylan Strome,"3RD",Washington Capitals,2023-10-25,"20231025WAS@NJ"
"2023102518:25WAS10",Alex Ovechkin,"3RD",Washington Capitals,2023-10-25,"20231025WAS@NJ"
"2023102601:41BOS2",Charlie Coyle,"2ND",Boston Bruins,2023-10-26,"20231026ANA@BOS"
"2023102601:41TB1",Brayden Point,"1ST",Tampa Bay Lightning,2023-10-26,"202310266SJ@TB"
"2023102602:08ANA7",Mason McTavish,OVE,Anaheim Ducks,2023-10-26,"20231026ANA@BOS"
"2023102602:41NYI1",Bo Horvat,"1ST",New York Islanders,2023-10-26,"20231026OTT@NYI"
"2023102602:46CLB1",Jack Roslovic,"1ST",Columbus Blue Jackets,2023-10-26,"20231026CLB@MON"
"2023102603:01BOS3",Matt Grzelcyk,"2ND",Boston Bruins,2023-10-26,"20231026ANA@BOS"
"2023102603:05MIN4",Dakota Mermis,"3RD",Minnesota Wild,2023-10-26,"20231026MIN@PHI"
"2023102603:18DET3",Lucas Raymond,"2ND",Detroit Red Wings,2023-10-26,"20231026WPG@DET"
"2023102603:32NYR1",Adam Fox,"2ND",New York Rangers,2023-10-26,"20231026NYR@EDM"
"2023102604:01TB4",Brandon Hagel,"2ND",Tampa Bay Lightning,2023-10-26,"202310266SJ@TB"
"2023102604:17MON7",Cole Caufield,OVE,Montreal Canadiens,2023-10-26,"20231026CLB@MON"
"2023102604:30MIN5",Marcus Foligno,"3RD",Minnesota Wild,2023-10-26,"20231026MIN@PHI"
"2023102604:40PIT1",Reilly Smith,"1ST",Pittsburgh Penguins,2023-10-26,"20231026COL@PIT"
"2023102604:50CAR5",Martin Necas,OVE,Carolina Hurricanes,2023-10-26,"20231026SEA@CAR"
"2023102605:08TOR4",Tyler Bertuzzi,"3RD",Toronto Maple Leafs,2023-10-26,"20231026TOR@DAL"
"2023102605:44TB6",Luke Glendening,"3RD",Tampa Bay Lightning,2023-10-26,"202310266SJ@TB"
"2023102606:00PIT3",Lars Eller,"2ND",Pittsburgh Penguins,2023-10-26,"20231026COL@PIT"
"2023102606:03TB2",Mikey Eyssimont,"1ST",Tampa Bay Lightning,2023-10-26,"202310266SJ@TB"
"2023102606:34PHI6",Owen Tippett,"3RD",Philadelphia Flyers,2023-10-26,"20231026MIN@PHI"
"2023102606:45NYI5",Noah Dobson,"3RD",New York Islanders,2023-10-26,"20231026OTT@NYI"
"2023102606:52OTT3",Claude Giroux,"2ND",Ottawa Senators,2023-10-26,"20231026OTT@NYI"
"2023102607:28PHI2",Sean Couturier,"2ND",Philadelphia Flyers,2023-10-26,"20231026MIN@PHI"
"2023102607:29TB5",Nick Paul,"2ND",Tampa Bay Lightning,2023-10-26,"202310266SJ@TB"
"2023102607:48MON6",Sean Monahan,"3RD",Montreal Canadiens,2023-10-26,"20231026CLB@MON"
"2023102609:49TOR1",Morgan Rielly,"1ST",Toronto Maple Leafs,2023-10-26,"20231026TOR@DAL"
"2023102609:52PHI3",Bobby Brink,"2ND",Philadelphia Flyers,2023-10-26,"20231026MIN@PHI"
"2023102610:26WPG4",Mason Appleton,"3RD",Winnipeg Jets,2023-10-26,"20231026WPG@DET"
"2023102610:35PIT4",Sidney Crosby,"3RD",Pittsburgh Penguins,2023-10-26,"20231026COL@PIT"
"2023102611:02PHI7",Bobby Brink,"3RD",Philadelphia Flyers,2023-10-26,"20231026MIN@PHI"
"2023102611:17DAL2",Mason Marchment,"2ND",Dallas Stars,2023-10-26,"20231026TOR@DAL"
"2023102611:23STL1",Kasperi Kapanen,"1ST",St. Louis Blues,2023-10-26,"20231026STL@CGY"
"2023102611:24SEA1",Oliver Bjorkstrand,"1ST",Seattle Kraken,2023-10-26,"20231026SEA@CAR"
"2023102612:03NYR2",Braden Schneider,"2ND",New York Rangers,2023-10-26,"20231026NYR@EDM"
"2023102612:25OTT4",Jakob Chychrun,"2ND",Ottawa Senators,2023-10-26,"20231026OTT@NYI"
"2023102613:05NYI2",Cal Clutterbuck,"1ST",New York Islanders,2023-10-26,"20231026OTT@NYI"
"2023102613:24STL2",Nick Leddy,"1ST",St. Louis Blues,2023-10-26,"20231026STL@CGY"
"2023102613:34CLB4",Emil Bemstrom,"2ND",Columbus Blue Jackets,2023-10-26,"20231026CLB@MON"
"2023102613:57PHI1",Travis Konecny,"1ST",Philadelphia Flyers,2023-10-26,"20231026MIN@PHI"
"2023102614:46PHI8",Travis Sanheim,"3RD",Philadelphia Flyers,2023-10-26,"20231026MIN@PHI"
"2023102614:52SEA2",Devin Shore,"1ST",Seattle Kraken,2023-10-26,"20231026SEA@CAR"
"2023102615:00ANA1",Radko Gudas,"1ST",Anaheim Ducks,2023-10-26,"20231026ANA@BOS"
"2023102615:36CAR4",Jesperi Kotkaniemi,"3RD",Carolina Hurricanes,2023-10-26,"20231026SEA@CAR"
"2023102616:28WPG1",Nikolaj Ehlers,"1ST",Winnipeg Jets,2023-10-26,"20231026WPG@DET"
"2023102616:40BOS4",David Pastrnak,"2ND",Boston Bruins,2023-10-26,"20231026ANA@BOS"
"2023102616:51PIT2",Reilly Smith,"1ST",Pittsburgh Penguins,2023-10-26,"20231026COL@PIT"
"2023102617:21CLB2",Emil Bemstrom,"1ST",Columbus Blue Jackets,2023-10-26,"20231026CLB@MON"
"2023102617:30WPG2",Kyle Connor,"1ST",Winnipeg Jets,2023-10-26,"20231026WPG@DET"
"2023102617:53STL3",Oskar Sundqvist,"3RD",St. Louis Blues,2023-10-26,"20231026STL@CGY"
"2023102618:05ANA5",Leo Carlsson,"3RD",Anaheim Ducks,2023-10-26,"20231026ANA@BOS"
"2023102618:07TOR3",Mitchell Marner,"2ND",Toronto Maple Leafs,2023-10-26,"20231026TOR@DAL"
"2023102618:09NYR3",Alexis Lafreniere,"2ND",New York Rangers,2023-10-26,"20231026NYR@EDM"
"2023102618:22CAR3",Martin Necas,"1ST",Carolina Hurricanes,2023-10-26,"20231026SEA@CAR"
"2023102618:58WPG5",Nino Niederreiter,"3RD",Winnipeg Jets,2023-10-26,"20231026WPG@DET"
"2023102619:18TB3",Steven Stamkos,"1ST",Tampa Bay Lightning,2023-10-26,"202310266SJ@TB"
"2023102619:43MON5",Mike Matheson,"2ND",Montreal Canadiens,2023-10-26,"20231026CLB@MON"
"2023102619:45ANA6",Troy Terry,"3RD",Anaheim Ducks,2023-10-26,"20231026ANA@BOS"
"2023102619:49TOR5",John Tavares,"3RD",Toronto Maple Leafs,2023-10-26,"20231026TOR@DAL"
"2023102627.0MON3",Nick Suzuki,"2ND",Montreal Canadiens,2023-10-26,"20231026CLB@MON"
"2023102701:16MIN4",Ryan Hartman,"3RD",Minnesota Wild,2023-10-27,"20231027MIN@WAS"
"2023102701:50LA7",Quinton Byfield,"3RD",Los Angeles Kings,2023-10-27,"20231027LA@ARI"
"2023102702:09NJ7",Jack Hughes,"3RD",New Jersey Devils,2023-10-27,"20231027BUF@NJ"
"2023102702:17MIN1",Marco Rossi,"1ST",Minnesota Wild,2023-10-27,"20231027MIN@WAS"
"2023102705:00WAS5",John Carlson,SHO,Washington Capitals,2023-10-27,"20231027MIN@WAS"
"2023102705:48VAN2",Quinn Hughes,"2ND",Vancouver Canucks,2023-10-27,"20231027STL@VAN"
"2023102705:56LA2",Mikey Anderson,"1ST",Los Angeles Kings,2023-10-27,"20231027LA@ARI"
"2023102706:06CAR3",Teuvo Teravainen,"3RD",Carolina Hurricanes,2023-10-27,"20231027SJ@CAR"
"2023102706:10CAR1",Teuvo Teravainen,"1ST",Carolina Hurricanes,2023-10-27,"20231027SJ@CAR"
"2023102706:11BUF1",John-Jason Peterka,"1ST",Buffalo Sabres,2023-10-27,"20231027BUF@NJ"
"2023102706:35VAN5",Ilya Mikheyev,"3RD",Vancouver Canucks,2023-10-27,"20231027STL@VAN"
"2023102706:54LA8",Anze Kopitar,"3RD",Los Angeles Kings,2023-10-27,"20231027LA@ARI"
"2023102706:58VAN3",Phillip Di Giuseppe,"2ND",Vancouver Canucks,2023-10-27,"20231027STL@VAN"
"2023102707:41NJ2",Alexander Holtz,"1ST",New Jersey Devils,2023-10-27,"20231027BUF@NJ"
"2023102707:46ARI3",Janis Moser,"1ST",Arizona Coyotes,2023-10-27,"20231027LA@ARI"
"2023102707:59VAN1",Quinn Hughes,"1ST",Vancouver Canucks,2023-10-27,"20231027STL@VAN"
"2023102708:21ARI4",Jack McBain,"1ST",Arizona Coyotes,2023-10-27,"20231027LA@ARI"
"2023102708:52VAN4",J.T. Miller,"2ND",Vancouver Canucks,2023-10-27,"20231027STL@VAN"
"2023102708:55ARI5",Sean Durzi,"1ST",Arizona Coyotes,2023-10-27,"20231027LA@ARI"
"2023102709:49WAS2",Tom Wilson,"1ST",Washington Capitals,2023-10-27,"20231027MIN@WAS"
"2023102712:35BUF8",Dylan Cozens,"3RD",Buffalo Sabres,2023-10-27,"20231027BUF@NJ"
"2023102713:47NJ5",Erik Haula,"2ND",New Jersey Devils,2023-10-27,"20231027BUF@NJ"
"2023102714:17NJ9",Erik Haula,"3RD",New Jersey Devils,2023-10-27,"20231027BUF@NJ"
"2023102715:10CAR2",Teuvo Teravainen,"1ST",Carolina Hurricanes,2023-10-27,"20231027SJ@CAR"
"2023102715:42BUF3",Tage Thompson,"1ST",Buffalo Sabres,2023-10-27,"20231027BUF@NJ"
"2023102716:11LA6",Drew Doughty,"2ND",Los Angeles Kings,2023-10-27,"20231027LA@ARI"
"2023102716:11NJ4",Jesper Bratt,"1ST",New Jersey Devils,2023-10-27,"20231027BUF@NJ"
"2023102717:14WAS3",Dylan Strome,"1ST",Washington Capitals,2023-10-27,"20231027MIN@WAS"
"2023102717:32BUF6",Rasmus Dahlin,"2ND",Buffalo Sabres,2023-10-27,"20231027BUF@NJ"
"2023102718:01LA9",Drew Doughty,"3RD",Los Angeles Kings,2023-10-27,"20231027LA@ARI"
"2023102737.0ARI1",Matias Maccelli,"1ST",Arizona Coyotes,2023-10-27,"20231027LA@ARI"
"2023102801:54MON6",Joel Armia,"3RD",Montreal Canadiens,2023-10-28,"20231028WPG@MON"
"2023102802:13NSH5",Roman Josi,OVE,Nashville Predators,2023-10-28,"20231028TOR@NSH"
"2023102802:42ANA7",Trevor Zegras,"3RD",Anaheim Ducks,2023-10-28,"20231028ANA@PHI"
"2023102803:14ANA8",Brett Leason,"3RD",Anaheim Ducks,2023-10-28,"20231028ANA@PHI"
"2023102803:48NYR7",K'Andre Miller,OVE,New York Rangers,2023-10-28,"20231028NYR@VAN"
"2023102804:24OTT1",Ridly Greig,"1ST",Ottawa Senators,2023-10-28,"20231028OTT@PIT"
"2023102804:28WPG1",Adam Lowry,"1ST",Winnipeg Jets,2023-10-28,"20231028WPG@MON"
"2023102805:00MON7",Nick Suzuki,SHO,Montreal Canadiens,2023-10-28,"20231028WPG@MON"
"2023102805:05MON2",Justin Barron,"1ST",Montreal Canadiens,2023-10-28,"20231028WPG@MON"
"2023102805:28OTT3",Dominik Kubalik,"2ND",Ottawa Senators,2023-10-28,"20231028OTT@PIT"
"2023102806:40DET3",Joseph Veleno,"3RD",Detroit Red Wings,2023-10-28,"20231028DET@BOS"
"2023102806:58ANA3",Frank Vatrano,"2ND",Anaheim Ducks,2023-10-28,"20231028ANA@PHI"
"2023102807:34SEA2",Eeli Tolvanen,"2ND",Seattle Kraken,2023-10-28,"20231028SEA@FLA"
"2023102807:58SEA1",Jared McCann,"1ST",Seattle Kraken,2023-10-28,"20231028SEA@FLA"
"2023102808:23MON5",Sean Monahan,"2ND",Montreal Canadiens,2023-10-28,"20231028WPG@MON"
"2023102808:53FLA3",Gustav Forsling,"2ND",Florida Panthers,2023-10-28,"20231028SEA@FLA"
"2023102809:04FLA4",Matthew Tkachuk,"2ND",Florida Panthers,2023-10-28,"20231028SEA@FLA"
"2023102809:06VAN3",Tyler Myers,"3RD",Vancouver Canucks,2023-10-28,"20231028NYR@VAN"
"2023102809:18NYR1",Artemi Panarin,"1ST",New York Rangers,2023-10-28,"20231028NYR@VAN"
"2023102809:30ANA4",Adam Henrique,"2ND",Anaheim Ducks,2023-10-28,"20231028ANA@PHI"
"2023102809:51PHI9",Travis Konecny,"3RD",Philadelphia Flyers,2023-10-28,"20231028ANA@PHI"
"2023102810:33BOS1",Pavel Zacha,"1ST",Boston Bruins,2023-10-28,"20231028DET@BOS"
"2023102811:12ANA10",Frank Vatrano,"3RD",Anaheim Ducks,2023-10-28,"20231028ANA@PHI"
"2023102811:19BOS4",David Pastrnak,"3RD",Boston Bruins,2023-10-28,"20231028DET@BOS"
"2023102811:49PHI5",Cam Atkinson,"2ND",Philadelphia Flyers,2023-10-28,"20231028ANA@PHI"
"2023102812:21NYR4",Adam Fox,"3RD",New York Rangers,2023-10-28,"20231028NYR@VAN"
"2023102812:35PHI6",Travis Konecny,"2ND",Philadelphia Flyers,2023-10-28,"20231028ANA@PHI"
"2023102812:46TOR3",Mark Giordano,"2ND",Toronto Maple Leafs,2023-10-28,"20231028TOR@NSH"
"2023102813:07OTT5",Brady Tkachuk,"3RD",Ottawa Senators,2023-10-28,"20231028OTT@PIT"
"2023102813:24NYR5",Mika Zibanejad,"3RD",New York Rangers,2023-10-28,"20231028NYR@VAN"
"2023102813:32TOR1",William Nylander,"1ST",Toronto Maple Leafs,2023-10-28,"20231028TOR@NSH"
"2023102813:38OTT6",Drake Batherson,"3RD",Ottawa Senators,2023-10-28,"20231028OTT@PIT"
"2023102814:08FLA5",Nick Cousins,"3RD",Florida Panthers,2023-10-28,"20231028SEA@FLA"
"2023102814:14OTT2",Brady Tkachuk,"1ST",Ottawa Senators,2023-10-28,"20231028OTT@PIT"
"2023102814:36BOS2",Charlie McAvoy,"1ST",Boston Bruins,2023-10-28,"20231028DET@BOS"
"2023102815.0WPG3",Adam Lowry,"2ND",Winnipeg Jets,2023-10-28,"20231028WPG@MON"
"2023102815:05NSH2",Ryan O'Reilly,"1ST",Nashville Predators,2023-10-28,"20231028TOR@NSH"
"2023102815:08NSH4",Ryan O'Reilly,"2ND",Nashville Predators,2023-10-28,"20231028TOR@NSH"
"2023102815:20ANA2",Frank Vatrano,"1ST",Anaheim Ducks,2023-10-28,"20231028ANA@PHI"
"2023102815:42VAN6",Carson Soucy,"3RD",Vancouver Canucks,2023-10-28,"20231028NYR@VAN"
"2023102815:45NYI1",Kyle Palmieri,"1ST",New York Islanders,2023-10-28,"20231028NYI@CLB"
"2023102815:57VAN2",J.T. Miller,"2ND",Vancouver Canucks,2023-10-28,"20231028NYR@VAN"
"2023102816:39NYI2",Matt Martin,"3RD",New York Islanders,2023-10-28,"20231028NYI@CLB"
"2023102817:00PHI11",Joel Farabee,"3RD",Philadelphia Flyers,2023-10-28,"20231028ANA@PHI"
"2023102817:34PIT4",Sidney Crosby,"2ND",Pittsburgh Penguins,2023-10-28,"20231028OTT@PIT"
"2023102817:41BOS5",David Pastrnak,"3RD",Boston Bruins,2023-10-28,"20231028DET@BOS"
"2023102819:26PIT7",Jake Guentzel,"3RD",Pittsburgh Penguins,2023-10-28,"20231028OTT@PIT"
"2023102833.0WPG4",Nino Niederreiter,"2ND",Winnipeg Jets,2023-10-28,"20231028WPG@MON"
"2023102858.0ANA1",Ryan Strome,"1ST",Anaheim Ducks,2023-10-28,"20231028ANA@PHI"
"2023102901:39BUF2",Casey Mittelstadt,"2ND",Buffalo Sabres,2023-10-29,"20231029COL@BUF"
"2023102902:18WAS2",Dylan Strome,"3RD",Washington Capitals,2023-10-29,"20231029SJ@WAS"
"2023102902:31MIN3",Ryan Hartman,"2ND",Minnesota Wild,2023-10-29,"20231029MIN@NJ"
"2023102904:19EDM1",Brett Kulak,"1ST",Edmonton Oilers,2023-10-29,"20231029CGY@EDM"
"2023102906:10NJ4",Tyler Toffoli,"2ND",New Jersey Devils,2023-10-29,"20231029MIN@NJ"
"2023102906:13NJ1",Jesper Bratt,"1ST",New Jersey Devils,2023-10-29,"20231029MIN@NJ"
"2023102906:16EDM6",Vincent Desharnais,"3RD",Edmonton Oilers,2023-10-29,"20231029CGY@EDM"
"2023102906:54NJ5",Erik Haula,"2ND",New Jersey Devils,2023-10-29,"20231029MIN@NJ"
"2023102908:16BUF3",Tyson Jost,"2ND",Buffalo Sabres,2023-10-29,"20231029COL@BUF"
"2023102909:38EDM2",Zach Hyman,"1ST",Edmonton Oilers,2023-10-29,"20231029CGY@EDM"
"2023102910:32BUF1",John-Jason Peterka,"1ST",Buffalo Sabres,2023-10-29,"20231029COL@BUF"
"2023102911:28CGY5",A.J. Greer,"2ND",Calgary Flames,2023-10-29,"20231029CGY@EDM"
"2023102911:40SJ1",Luke Kunin,"1ST",San Jose Sharks,2023-10-29,"20231029SJ@WAS"
"2023102914:53MIN2",Pat Maroon,"1ST",Minnesota Wild,2023-10-29,"20231029MIN@NJ"
"2023102914:55CGY3",Nazem Kadri,"1ST",Calgary Flames,2023-10-29,"20231029CGY@EDM"
"2023102915:15WAS3",Tom Wilson,"3RD",Washington Capitals,2023-10-29,"20231029SJ@WAS"
"2023102915:17MIN7",Jacob Middleton,"3RD",Minnesota Wild,2023-10-29,"20231029MIN@NJ"
"2023102916:06EDM4",Evan Bouchard,"1ST",Edmonton Oilers,2023-10-29,"20231029CGY@EDM"
"2023102916:39NJ6",Jesper Bratt,"2ND",New Jersey Devils,2023-10-29,"20231029MIN@NJ"
"2023102916:52BUF4",Rasmus Dahlin,"3RD",Buffalo Sabres,2023-10-29,"20231029COL@BUF"
"2023102919:02WAS4",Evgeny Kuznetsov,"3RD",Washington Capitals,2023-10-29,"20231029SJ@WAS"
"2023102919:13EDM7",Evander Kane,"3RD",Edmonton Oilers,2023-10-29,"20231029CGY@EDM"
"2023103001:05NYI2",Noah Dobson,"3RD",New York Islanders,2023-10-30,"20231030DET@NYI"
"2023103001:25DET7",Lucas Raymond,OVE,Detroit Red Wings,2023-10-30,"20231030DET@NYI"
"2023103001:25PIT5",Radim Zohorna,"3RD",Pittsburgh Penguins,2023-10-30,"20231030ANA@PIT"
"2023103002:23ARI2",Michael Carcone,"1ST",Arizona Coyotes,2023-10-30,"20231030CHI@ARI"
"2023103002:49DAL5",Matt Duchene,"3RD",Dallas Stars,2023-10-30,"20231030CLB@DAL"
"2023103002:53SEA7",Jared McCann,OVE,Seattle Kraken,2023-10-30,"20231030SEA@TB"
"2023103002:55PIT1",Erik Karlsson,"1ST",Pittsburgh Penguins,2023-10-30,"20231030ANA@PIT"
"2023103003:01ANA6",Mason McTavish,"3RD",Anaheim Ducks,2023-10-30,"20231030ANA@PIT"
"2023103003:11CAR1",Stefan Noesen,"1ST",Carolina Hurricanes,2023-10-30,"20231030CAR@PHI"
"2023103003:36BOS5",Pavel Zacha,OVE,Boston Bruins,2023-10-30,"20231030FLA@BOS"
"2023103003:38BOS3",Brad Marchand,"2ND",Boston Bruins,2023-10-30,"20231030FLA@BOS"
"2023103003:40TB5",Alex Barre-Boulet,"2ND",Tampa Bay Lightning,2023-10-30,"20231030SEA@TB"
"2023103004:34NYR5",Mika Zibanejad,OVE,New York Rangers,2023-10-30,"20231030NYR@WPG"
"2023103004:37CLB2",Dmitri Voronkov,"1ST",Columbus Blue Jackets,2023-10-30,"20231030CLB@DAL"
"2023103005:00ARI5",Michael Carcone,"2ND",Arizona Coyotes,2023-10-30,"20231030CHI@ARI"
"2023103005:08WPG3",Nikolaj Ehlers,"3RD",Winnipeg Jets,2023-10-30,"20231030NYR@WPG"
"2023103005:52DAL4",Roope Hintz,"2ND",Dallas Stars,2023-10-30,"20231030CLB@DAL"
"2023103006:13FLA1",Aleksander Barkov,"1ST",Florida Panthers,2023-10-30,"20231030FLA@BOS"
"2023103006:38ARI6",Jack McBain,"2ND",Arizona Coyotes,2023-10-30,"20231030CHI@ARI"
"2023103007:20BOS4",Charlie McAvoy,"3RD",Boston Bruins,2023-10-30,"20231030FLA@BOS"
"2023103007:55DET3",Daniel Sprong,"3RD",Detroit Red Wings,2023-10-30,"20231030DET@NYI"
"2023103008:28ANA2",Jakob Silfverberg,"1ST",Anaheim Ducks,2023-10-30,"20231030ANA@PIT"
"2023103009:02CAR4",Michael Bunting,"2ND",Carolina Hurricanes,2023-10-30,"20231030CAR@PHI"
"2023103009:35DET4",Jake Walman,"3RD",Detroit Red Wings,2023-10-30,"20231030DET@NYI"
"2023103010:37ARI9",Jack McBain,"3RD",Arizona Coyotes,2023-10-30,"20231030CHI@ARI"
"2023103011:18ARI7",Sean Durzi,"2ND",Arizona Coyotes,2023-10-30,"20231030CHI@ARI"
"2023103011:43DET5",J.T. Compher,"3RD",Detroit Red Wings,2023-10-30,"20231030DET@NYI"
"2023103011:51ANA3",Frank Vatrano,"2ND",Anaheim Ducks,2023-10-30,"20231030ANA@PIT"
"2023103012:08SEA1",Brian Dumoulin,"1ST",Seattle Kraken,2023-10-30,"20231030SEA@TB"
"2023103012:39DAL6",Evgenii Dadonov,"3RD",Dallas Stars,2023-10-30,"20231030CLB@DAL"
"2023103013:08SEA2",Yanni Gourde,"1ST",Seattle Kraken,2023-10-30,"20231030SEA@TB"
"2023103013:12NYR4",Chris Kreider,"3RD",New York Rangers,2023-10-30,"20231030NYR@WPG"
"2023103013:37TB3",Tanner Jeannot,"1ST",Tampa Bay Lightning,2023-10-30,"20231030SEA@TB"
"2023103013:41CLB3",Damon Severson,"1ST",Columbus Blue Jackets,2023-10-30,"20231030CLB@DAL"
"2023103013:53ARI3",Josh Brown,"1ST",Arizona Coyotes,2023-10-30,"20231030CHI@ARI"
"2023103014:32TB6",Brandon Hagel,"3RD",Tampa Bay Lightning,2023-10-30,"20231030SEA@TB"
"2023103015:08FLA2",Sam Reinhart,"1ST",Florida Panthers,2023-10-30,"20231030FLA@BOS"
"2023103015:09PHI2",Owen Tippett,"1ST",Philadelphia Flyers,2023-10-30,"20231030CAR@PHI"
"2023103015:26ARI8",Liam O'Brien,"2ND",Arizona Coyotes,2023-10-30,"20231030CHI@ARI"
"2023103015:49NYI6",Bo Horvat,"3RD",New York Islanders,2023-10-30,"20231030DET@NYI"
"2023103015:52SEA4",Kailer Yamamoto,"1ST",Seattle Kraken,2023-10-30,"20231030SEA@TB"
"2023103015:55ARI4",Michael Carcone,"1ST",Arizona Coyotes,2023-10-30,"20231030CHI@ARI"
"2023103016:13CAR5",Teuvo Teravainen,"3RD",Carolina Hurricanes,2023-10-30,"20231030CAR@PHI"
"2023103016:21DAL7",Wyatt Johnston,"3RD",Dallas Stars,2023-10-30,"20231030CLB@DAL"
"2023103017:10CLB8",Sean Kuraly,"3RD",Columbus Blue Jackets,2023-10-30,"20231030CLB@DAL"
"2023103018:23PHI3",Garnet Hathaway,"1ST",Philadelphia Flyers,2023-10-30,"20231030CAR@PHI"
"2023103018:24NYR1",Artemi Panarin,"1ST",New York Rangers,2023-10-30,"20231030NYR@WPG"
"2023103018:39NYI1",Casey Cizikas,"2ND",New York Islanders,2023-10-30,"20231030DET@NYI"
"2023103019:25PIT4",Evgeni Malkin,"2ND",Pittsburgh Penguins,2023-10-30,"20231030ANA@PIT"
"2023103019:32WPG2",David Gustafsson,"1ST",Winnipeg Jets,2023-10-30,"20231030NYR@WPG"
"2023103019:47ANA7",Mason McTavish,"3RD",Anaheim Ducks,2023-10-30,"20231030ANA@PIT"
"2023103027.0DAL1",Thomas Harley,"1ST",Dallas Stars,2023-10-30,"20231030CLB@DAL"
"2023103028.0CHI1",Connor Bedard,"1ST",Chicago Blackhawks,2023-10-30,"20231030CHI@ARI"
"2023103104:11VAN6",J.T. Miller,"3RD",Vancouver Canucks,2023-10-31,"20231031NSH@VAN"
"2023103106:38LA1",Andreas Englund,"1ST",Los Angeles Kings,2023-10-31,"20231031LA@TOR"
"2023103108:25TOR4",John Tavares,"3RD",Toronto Maple Leafs,2023-10-31,"20231031LA@TOR"
"2023103109:46LA3",Arthur Kaliyev,"2ND",Los Angeles Kings,2023-10-31,"20231031LA@TOR"
"2023103111:40LA2",Phillip Danault,"1ST",Los Angeles Kings,2023-10-31,"20231031LA@TOR"
"2023103112:13LA5",Adrian Kempe,"3RD",Los Angeles Kings,2023-10-31,"20231031LA@TOR"
"2023103113:45VAN1",Sam Lafferty,"1ST",Vancouver Canucks,2023-10-31,"20231031NSH@VAN"
"2023103116:10NSH2",Colton Sissons,"1ST",Nashville Predators,2023-10-31,"20231031NSH@VAN"
"2023103116:38VAN5",Elias Pettersson,"2ND",Vancouver Canucks,2023-10-31,"20231031NSH@VAN"
"2023103116:40NSH3",Dante Fabbro,"1ST",Nashville Predators,2023-10-31,"20231031NSH@VAN"
"2023103117:02VAN7",Elias Pettersson,"3RD",Vancouver Canucks,2023-10-31,"20231031NSH@VAN"
"2023103153.0VAN4",Elias Pettersson,"2ND",Vancouver Canucks,2023-10-31,"20231031NSH@VAN"
